Stock,ADANIENT,ADANIPORTS,APOLLOHOSP,ASIANPAINT,AXISBANK,BAJAJ-AUTO,BAJAJFINSV,BAJFINANCE,BEL,BHARTIARTL,BPCL,BRITANNIA,CIPLA,COALINDIA,DRREDDY,EICHERMOT,GRASIM,HCLTECH,HDFCBANK,HDFCLIFE,HEROMOTOCO,HINDALCO,HINDUNILVR,ICICIBANK,INDUSINDBK,INFY,ITC,JSWSTEEL,KOTAKBANK,LT,M&M,MARUTI,NESTLEIND,NTPC,ONGC,POWERGRID,RELIANCE,SBILIFE,SBIN,SHRIRAMFIN,SUNPHARMA,TATACONSUM,TATAMOTORS,TATASTEEL,TCS,TECHM,TITAN,TRENT,ULTRACEMCO,WIPRO
ADANIENT,1.0,0.8828209194009166,0.1297398085873236,0.27981960437721537,0.3070818723009845,0.20486467302304692,0.3707952810878762,0.33981939822721857,0.5191278624574339,0.272361366941602,0.4603583328632267,0.12486324680095742,0.09059503136824201,0.4950392962100841,0.17157771819877407,0.322169629808323,0.33771253470858215,0.13291368823665875,0.32507617983510695,0.2110855564736508,0.21194125500045466,0.3050511306733019,-0.009994023306185606,0.39292959245204423,0.40057972745026693,0.09247229457668364,0.24956460175898743,0.4014181093019591,0.231170949657357,0.48376961301224963,0.3059712896675553,0.31817978291439303,0.09630040933851912,0.5524042539174407,0.48758894132970676,0.4040944904040302,0.4856900187763024,0.2857722406633147,0.5505904216806069,0.42204631584038965,0.17603226615142423,0.20511776152284766,0.331481346939946,0.4271310224811417,0.09985583656990787,0.1306593956563009,0.28002188465105876,0.19694304170808868,0.3671471279637274,0.21723584075150768
ADANIPORTS,0.8828209194009166,1.0,0.16432369020452559,0.26900471532863235,0.37943941396958525,0.2105346783646343,0.4097515861543514,0.4023772466363426,0.5809140512898008,0.3101011781465372,0.5030367149451457,0.13005256225797812,0.0899902496143995,0.5453583583155601,0.17668606266390882,0.27021683535265656,0.35229669966559823,0.14706887770171334,0.37422104562804503,0.23356131913481337,0.1982209693630749,0.3322480694250253,0.003914027573748134,0.4393589243516036,0.42777887906754786,0.13838028520739523,0.2731441749733941,0.42939564778855144,0.2933552857013152,0.5173208660834981,0.31699684967861624,0.29513157988363475,0.09029417910929917,0.614574150592417,0.5280377787527815,0.5135072585583129,0.5159054166366837,0.27872032003699043,0.5791027965813103,0.4746082385506535,0.21800087144040192,0.21933582319387548,0.3387521472639438,0.4618843663256481,0.12581311424399413,0.13686097379126272,0.2943412387696406,0.20398093810298568,0.40586733082947546,0.23386993725618205
APOLLOHOSP,0.1297398085873236,0.16432369020452559,1.0,0.2502264447742072,0.16761077826401932,0.216653446124515,0.24079200112274182,0.19922368143599087,0.21473548605316836,0.21889866145601722,0.17417741874424492,0.23439745974444623,0.22017028029313104,0.24541794263073602,0.23571797138485404,0.28218334955172075,0.24814309404626736,0.27057059900676367,0.101654544800313,0.1321177257094119,0.2417413891038834,0.0588524806403706,0.1099453082331818,0.14785330451573211,0.11786893412107251,0.09953405179279769,0.17202618614597004,0.26806772129686124,0.1278606328551138,0.22073660405246728,0.2413646468322753,0.18974508019295733,0.224628428928866,0.1826016242608971,0.16716243513216544,0.1772222939619884,0.2250957456002831,0.15564165093652235,0.16981228507022567,0.2710100287722068,0.2860279571591975,0.09119015843941519,0.20405393309036074,0.2556783616355534,0.09126879874703198,0.1452534191966699,0.24394191079259442,0.07921428151290028,0.2651872727806193,0.2171245072140621
ASIANPAINT,0.27981960437721537,0.26900471532863235,0.2502264447742072,1.0,0.13810630484681544,0.1607146292899528,0.2406572327016752,0.28942245294521024,0.14602696905117954,0.1329084354009707,0.21148601928947197,0.43263030989432744,0.14686397744560759,0.18974664150901535,0.1483721661984969,0.2535759072303926,0.33550642937849373,0.12081878516324868,0.24738243003388177,0.19410995909637355,0.17353686320920875,0.21253408321519612,0.27337964481484334,0.15078865297092928,0.1838291312335772,0.09201651945133917,0.2900755196167583,0.3242685951223172,0.15679903431380368,0.2080862218257232,0.124043193444386,0.2524003181610889,0.2671496359426625,0.22149675492065632,0.12709256161850901,0.10965383350744382,0.291506888073075,0.20606566166459778,0.09532806096186378,0.21387620726941467,0.21630366265911055,0.2464639302954742,0.09850535090194437,0.28537975181045816,0.14634385468023606,0.14466090071636878,0.2898128801566486,0.23693936379364874,0.2722259392271034,0.131112185222203
AXISBANK,0.3070818723009845,0.37943941396958525,0.16761077826401932,0.13810630484681544,1.0,0.1821639443158319,0.41963746041357286,0.36630685752075204,0.32630265580132606,0.2405182485634985,0.2348557279678598,0.13419184562548112,0.07815616715423727,0.32288995554367955,0.09037942373826745,0.28859509628944163,0.3626689512766861,0.09444548708264636,0.45191144207957945,0.2504404226735744,0.16110464077402747,0.21988995380227697,0.0141614284806394,0.6491857702719098,0.34686109896326217,0.06222662734887787,0.26285525473999216,0.3590866499095825,0.30059683749096006,0.34844460153371226,0.23711834327293457,0.24887695065220886,0.1455864153249618,0.38142368324062037,0.31913702484676243,0.29523816900219213,0.4334849192114962,0.17994023792850486,0.508423512624139,0.42910440863847776,0.14810699175479805,0.14440302949116945,0.23825063626228657,0.3630857410477796,0.10547940367355862,0.1295695736290648,0.14316508716035428,0.1785857922987433,0.40327926659499513,0.1959476250616662
BAJAJ-AUTO,0.20486467302304692,0.2105346783646343,0.216653446124515,0.1607146292899528,0.1821639443158319,1.0,0.2337622813401673,0.17639884227319505,0.23227366096846247,0.2756626352063597,0.2144732687208663,0.0950178035314902,0.026498806023956045,0.22756454415349825,0.10765064038139358,0.27321439283478866,0.18572052493477254,0.12837082054643195,0.18493643876658875,0.19046639076163913,0.3927523259646744,0.224758742897233,0.13380876663276253,0.10896405271894047,0.19384165661280395,-0.01959008594985801,0.14008292518819856,0.22120809675284098,0.079766922981694,0.16436463577401725,0.2745913567054706,0.341942940856545,0.15528122795955743,0.2019579112578436,0.19128963597736173,0.1719824264975194,0.25627349611028244,0.19649264102038633,0.1421972959447857,0.28960810200274867,0.15882485082460018,0.1903302860229272,0.30016542885525854,0.2917077000728768,0.020969456973069497,0.03722062621809216,0.19137031969372495,0.22177724720785982,0.2407457766964605,0.11744982974709875
BAJAJFINSV,0.3707952810878762,0.4097515861543514,0.24079200112274182,0.2406572327016752,0.41963746041357286,0.2337622813401673,1.0,0.7391212892505367,0.35297628848859414,0.26246271196900167,0.3495158066882954,0.23363677073202435,0.14035453119442035,0.28666214567300896,0.270850145476904,0.24710828491929723,0.43996363178843867,0.27799836184665205,0.32443349297519253,0.33613876806899495,0.2290401608575712,0.2985560546297874,0.1615426758894457,0.4226755921007529,0.4199323252090004,0.24179959202373072,0.3008237012968352,0.44284959229790216,0.25928902381343827,0.40741075061253285,0.33493189332119694,0.317498031162519,0.28459567883209985,0.3959023496200001,0.31914640273363054,0.31551041699735016,0.41583481969813785,0.4152005735311482,0.4243061067129162,0.48625870279506256,0.20537712816381024,0.28684149685270205,0.2802459605327492,0.46827161526205946,0.22640838177797504,0.1857367078665075,0.2909673417647296,0.20269426353052214,0.4779542919999371,0.3152220046582632
BAJFINANCE,0.33981939822721857,0.4023772466363426,0.19922368143599087,0.28942245294521024,0.36630685752075204,0.17639884227319505,0.7391212892505367,1.0,0.30842447986725613,0.28451874004161387,0.2677036112876883,0.21223075114197118,0.04944615809726145,0.2841991104457399,0.08972627897318117,0.18254853193345189,0.3653319488265178,0.18005003195847122,0.32830491078816576,0.29693394321323663,0.15925486992352303,0.25662767287672805,0.13798641785540144,0.34071494219044,0.40772456942634244,0.1850145071337831,0.29905259356928054,0.3822030401534953,0.30570945052845494,0.37798754624059744,0.2517156829800467,0.2743873762619714,0.24998539518626992,0.324073027582716,0.32111742980318697,0.24546545149653112,0.4114936839140572,0.3417086712991058,0.39427295781605304,0.45983982990992334,0.1290154331050417,0.22468738986632789,0.21025447523599758,0.3856340016790019,0.1653059697592395,0.14806928749802792,0.23802161814163977,0.23065729088421996,0.4446051379555671,0.23435990733742224
BEL,0.5191278624574339,0.5809140512898008,0.21473548605316836,0.14602696905117954,0.32630265580132606,0.23227366096846247,0.35297628848859414,0.30842447986725613,1.0,0.3012746672546309,0.5092250792142589,0.06909068607800407,0.07717630417892594,0.619787469267455,0.137295555519055,0.278777340578311,0.33409323191787255,0.2155768369594636,0.3273658151151542,0.23841581437993642,0.08181254625503,0.371556759303925,-0.06364652745434793,0.306355120655395,0.31677675655435017,0.14978251403805212,0.22341993306630162,0.45247487591397706,0.25848632349767153,0.5933357083888607,0.36622718771782337,0.21549715415435688,0.060399759637194184,0.6120331963578772,0.5763062283600947,0.5434175658418805,0.4957290070407343,0.20497910767149116,0.5757216920128632,0.47163887094757306,0.16573001691555292,0.1737372883956756,0.3683149386940777,0.5179502049697191,0.11854940748608389,0.21133629478003144,0.15425004891899793,0.26700389343915754,0.44520790264030996,0.25371282514585225
BHARTIARTL,0.272361366941602,0.3101011781465372,0.21889866145601722,0.1329084354009707,0.2405182485634985,0.2756626352063597,0.26246271196900167,0.28451874004161387,0.3012746672546309,1.0,0.264345083799381,0.1188294064385168,0.10993035304154426,0.25578104973208665,0.17873792270067057,0.28475872841984795,0.2873395126405348,0.2592188278566441,0.1946789144193491,0.20689147850735506,0.18579616658132828,0.29248033391714207,0.15870112148727966,0.3507693919865064,0.23406489964316513,0.2740190017303317,0.26326928026175644,0.3612374329649645,0.3037382927388365,0.31858061810145294,0.2812063753155073,0.3497672077620299,0.09870119615891905,0.36609187828041523,0.3407923994849829,0.3132016138486968,0.35391969169429843,0.23518201423593074,0.2850453942045715,0.3524415502317674,0.25990654540613684,0.2502107819510715,0.26292912759769055,0.30945824630908964,0.17881853510051499,0.254081551722038,0.27968411294010287,0.26115608120855033,0.3561888579415615,0.24833223515647093
BPCL,0.4603583328632267,0.5030367149451457,0.17417741874424492,0.21148601928947197,0.2348557279678598,0.2144732687208663,0.3495158066882954,0.2677036112876883,0.5092250792142589,0.264345083799381,1.0,0.022066517978253628,0.056320745477894375,0.6227334577860314,0.19029820776470058,0.2500141411126325,0.3409161201049214,0.15189801132986294,0.2233327089447821,0.16760909406567462,0.22068388853589666,0.34712241930111093,-0.006538004643487005,0.21863328821667652,0.3643389457813341,0.12746311777100253,0.17475552558190716,0.36694667003464976,0.1492214278444633,0.4720863269398955,0.281718686790063,0.29849876190052643,0.05596991787670819,0.6055148912661569,0.6014442063590917,0.5350605920068896,0.47668198495187347,0.24000178012013443,0.5293805240203949,0.4069219722091514,0.2051696905879874,0.1563397552399824,0.43862764515321223,0.4705152658616929,0.1823516218541681,0.20072140592371798,0.2686971160864237,0.21638414112607968,0.39597771967276574,0.21251992006447815
BRITANNIA,0.12486324680095742,0.13005256225797812,0.23439745974444623,0.43263030989432744,0.13419184562548112,0.0950178035314902,0.23363677073202435,0.21223075114197118,0.06909068607800407,0.1188294064385168,0.022066517978253628,1.0,0.1526090674423139,0.07115775009340324,0.1850000577704872,0.09464028363622108,0.21869735016362304,0.1144456785386343,0.06384393053747188,-0.007090332371401063,0.18006552570553905,0.0998417442344962,0.46921686714220556,0.04665869829722958,0.12118537520026558,0.10157808728422336,0.37781739363212646,0.19099264616766468,0.228447688561429,0.08998667903807306,0.1187348854972534,0.1673568427533173,0.4836933825544486,0.07578813664167926,0.03891755282603914,-0.03354306910183781,0.13628676217501418,0.09358637150538769,-0.0032990252646732223,0.11945787173939885,0.18950082794759573,0.4120245477349835,0.10033268106831629,0.11140673469486322,0.11460504593917598,0.12880550791824708,0.07085044579028398,0.034782783179312306,0.1890080849952887,0.163832766639781
CIPLA,0.09059503136824201,0.0899902496143995,0.22017028029313104,0.14686397744560759,0.07815616715423727,0.026498806023956045,0.14035453119442035,0.04944615809726145,0.07717630417892594,0.10993035304154426,0.056320745477894375,0.1526090674423139,1.0,0.0870215449431625,0.4089684976290123,0.07594331774405037,0.15289370717180328,0.040522617447426905,-0.0326463426690919,0.07193206467594117,0.13526392707315257,0.09264031607839032,0.03523194739946304,0.07794604340064627,0.032601661446179216,0.05104147384714671,0.12177648467972638,0.1581711833705543,0.033212875540635706,0.14786199557859508,0.18025464552857193,0.07251315856959743,0.10897842552205715,0.08719922067450377,0.024103832336953963,0.12455729784630412,0.04689631748040636,0.11697992993876352,0.015179931935832263,0.0790984841532652,0.417541343476436,0.07337616180723276,0.04697497784810307,0.13100749793364683,0.07668274534743684,0.04027575589675137,0.09991088504474183,0.12705410060339253,0.11142357682262743,0.08206685037926997
COALINDIA,0.4950392962100841,0.5453583583155601,0.24541794263073602,0.18974664150901535,0.32288995554367955,0.22756454415349825,0.28666214567300896,0.2841991104457399,0.619787469267455,0.25578104973208665,0.6227334577860314,0.07115775009340324,0.0870215449431625,1.0,0.18524194321846385,0.2957268497789388,0.27457094110988756,0.17398424049237932,0.2688014669972628,0.2004333783099951,0.257750626086394,0.3817327672867921,-0.04289178100805089,0.2420388500984924,0.35550127931894654,0.10949202125424067,0.2417914841600243,0.4282612912715851,0.21545684006949795,0.49459222158361865,0.28574661703930815,0.25984807903231694,0.07987509586959746,0.6245166231948235,0.6541883341941099,0.5343122223449621,0.5127272808792898,0.24167148748442988,0.5144503324071924,0.4252363849032729,0.18171809995173438,0.2058070687151045,0.40668575759298864,0.5309883724141503,0.09537391352693222,0.17226349768630742,0.2375606495022809,0.26671275024755237,0.32923529667402324,0.23454382249835498
DRREDDY,0.17157771819877407,0.17668606266390882,0.23571797138485404,0.1483721661984969,0.09037942373826745,0.10765064038139358,0.270850145476904,0.08972627897318117,0.137295555519055,0.17873792270067057,0.19029820776470058,0.1850000577704872,0.4089684976290123,0.18524194321846385,1.0,0.1338791381307849,0.2509921842538966,0.24578800641126977,0.1464677042394126,0.11487322256952372,0.14057107319004827,0.2034517564658357,0.1630975540194655,0.03615163911135118,0.10485995435547675,0.23855539294209432,0.17900911905407957,0.24025554959686446,-0.05392698176727125,0.12439957799634568,0.22567639106777107,0.13507648893580837,0.2475846314340498,0.21207591091106007,0.18494202515715205,0.1908651786002457,0.16909408519561991,0.20228699339814998,0.13888991812258436,0.15012375679214673,0.4105551654366435,0.12386031335615975,0.20593635881819466,0.2047112428035664,0.23449591740341824,0.21450355123750353,0.13442424502443379,0.17647350689606325,0.2625529478894133,0.27374043935350884
EICHERMOT,0.322169629808323,0.27021683535265656,0.28218334955172075,0.2535759072303926,0.28859509628944163,0.27321439283478866,0.24710828491929723,0.18254853193345189,0.278777340578311,0.28475872841984795,0.2500141411126325,0.09464028363622108,0.07594331774405037,0.2957268497789388,0.1338791381307849,1.0,0.3807688286377993,0.174912707921117,0.27615634440351505,0.23700861899341966,0.267665716646473,0.281071430673754,0.11191232695161192,0.3481512561817977,0.2735027967615372,0.10866262688410556,0.26109286125601355,0.3281004741521717,0.24049280140016713,0.3316854338351199,0.3477052284016496,0.3910558410641431,0.12171358061853388,0.2685838473259689,0.2378941203165106,0.21413995607084757,0.3318721363366153,0.3299361318691299,0.3147381698153241,0.3636210969583936,0.17170304391732705,0.17835264617592164,0.3150079176886855,0.3175748660214547,0.13463461090365522,0.18424840551339752,0.2677729685208449,0.23665777253640635,0.31413319643477694,0.2551733669750338
GRASIM,0.33771253470858215,0.35229669966559823,0.24814309404626736,0.33550642937849373,0.3626689512766861,0.18572052493477254,0.43996363178843867,0.3653319488265178,0.33409323191787255,0.2873395126405348,0.3409161201049214,0.21869735016362304,0.15289370717180328,0.27457094110988756,0.2509921842538966,0.3807688286377993,1.0,0.16716598056077722,0.28986873345915565,0.24182223158212576,0.26086953229370846,0.43223402227873076,0.15987466613982013,0.40003394517562585,0.3439770660397042,0.17279899258195253,0.26538158982466653,0.4952819120322438,0.23191596664394976,0.34378548846003626,0.30299605031290605,0.2871946775932643,0.2703671650211859,0.3931893749312954,0.32738358866290534,0.35633022047599217,0.39191074395777314,0.23539466112352556,0.42745540727445835,0.3619397720082304,0.22102019327950545,0.28367796921516164,0.341549373450749,0.462222875649228,0.18179050004915873,0.16133165536844643,0.3598266405127468,0.23865322364741462,0.5783327003391516,0.22770762354038285
HCLTECH,0.13291368823665875,0.14706887770171334,0.27057059900676367,0.12081878516324868,0.09444548708264636,0.12837082054643195,0.27799836184665205,0.18005003195847122,0.2155768369594636,0.2592188278566441,0.15189801132986294,0.1144456785386343,0.040522617447426905,0.17398424049237932,0.24578800641126977,0.174912707921117,0.16716598056077722,1.0,0.051245910966142345,0.12167271386095502,0.1407008963644878,0.2571965572830436,0.12167023692025954,0.10775749981171699,0.10891269434413564,0.7109673170328521,0.18311428108573838,0.254360194310943,0.11921342822888746,0.2192988513474494,0.21331748550045956,0.2067169634177907,0.08956971299236124,0.15234237758671157,0.2195297699397969,0.10726619780925416,0.28175396535047226,0.20421108171980673,0.21061908281229766,0.21623728101315925,0.16403597385004307,0.19627140483021494,0.2528026225293107,0.26986525090483804,0.6410155709903059,0.5567052579213784,0.19823504393651667,0.1985647348209641,0.21846012445165588,0.6040199240902965
HDFCBANK,0.32507617983510695,0.37422104562804503,0.101654544800313,0.24738243003388177,0.45191144207957945,0.18493643876658875,0.32443349297519253,0.32830491078816576,0.3273658151151542,0.1946789144193491,0.2233327089447821,0.06384393053747188,-0.0326463426690919,0.2688014669972628,0.1464677042394126,0.27615634440351505,0.28986873345915565,0.051245910966142345,1.0,0.21461593194553444,0.09759970606205395,0.2622305661314269,0.0744271674954607,0.4295762054461198,0.37978949750261365,0.09552596608554395,0.17067057229623592,0.36601018960396126,0.413422057692391,0.34487222644489474,0.32377417091018984,0.24267476538857577,0.05948152928700071,0.34143545316464935,0.2784685683532067,0.3152331308875643,0.29806871036181787,0.21212573900574516,0.3589529166828686,0.34730474727737637,0.0669816619917574,0.10776417588626183,0.21610591295581796,0.3874688207326238,0.02921629086608574,0.1949306989691191,0.17968306739280704,0.10966130918229429,0.36389204125939845,0.18086739869080348
HDFCLIFE,0.2110855564736508,0.23356131913481337,0.1321177257094119,0.19410995909637355,0.2504404226735744,0.19046639076163913,0.33613876806899495,0.29693394321323663,0.23841581437993642,0.20689147850735506,0.16760909406567462,-0.007090332371401063,0.07193206467594117,0.2004333783099951,0.11487322256952372,0.23700861899341966,0.24182223158212576,0.12167271386095502,0.21461593194553444,1.0,0.21062812103565687,0.18774507167463722,0.14819363445238504,0.19009742138558464,0.17999016039991966,0.05878659627436631,0.19078745043130338,0.23843407537821887,0.18616273733878635,0.253544989815938,0.20496139697905194,0.23578766900494327,0.13557256571612705,0.19140944953994093,0.2047235059283851,0.10204347997299368,0.21485912327008225,0.5913047588700215,0.20667256530997874,0.30002580724708044,0.15818347499913707,0.20936642936203315,0.21370781701902025,0.26387143409911,0.11152037044490516,0.10071038878781227,0.20053714722684707,0.2048945201245615,0.23886887317527383,0.18502911046847528
HEROMOTOCO,0.21194125500045466,0.1982209693630749,0.2417413891038834,0.17353686320920875,0.16110464077402747,0.3927523259646744,0.2290401608575712,0.15925486992352303,0.08181254625503,0.18579616658132828,0.22068388853589666,0.18006552570553905,0.13526392707315257,0.257750626086394,0.14057107319004827,0.267665716646473,0.26086953229370846,0.1407008963644878,0.09759970606205395,0.21062812103565687,1.0,0.22729878668650927,0.20230844414270507,0.13637538110419725,0.1982827708295252,0.0987967508585474,0.09054592983133102,0.19570455253339347,0.1411244139190983,0.18810927135439073,0.35610931846202665,0.2935576833895897,0.24375947001064954,0.14422693480922957,0.20137356144803625,0.13411136055035153,0.2363372466082382,0.20710064146640905,0.1271490856202131,0.26127614940074856,0.22781456265578864,0.21952868925624427,0.29121173828141483,0.28204386013365884,0.11823833997368759,0.1082001304463572,0.296751486111377,0.2113102095506998,0.26880901142707564,0.19851239180419006
HINDALCO,0.3050511306733019,0.3322480694250253,0.0588524806403706,0.21253408321519612,0.21988995380227697,0.224758742897233,0.2985560546297874,0.25662767287672805,0.371556759303925,0.29248033391714207,0.34712241930111093,0.0998417442344962,0.09264031607839032,0.3817327672867921,0.2034517564658357,0.281071430673754,0.43223402227873076,0.2571965572830436,0.2622305661314269,0.18774507167463722,0.22729878668650927,1.0,0.0738130529652193,0.17152589085502132,0.28921752508349813,0.17593187382431896,0.1330377242178701,0.6041958095065313,0.19584262362805838,0.3298001622362896,0.2953608046315545,0.28031789230588244,0.1298465540984508,0.35784351862154945,0.41130822703855086,0.37127353692276605,0.32845320460870725,0.17219257860653805,0.3309459863740934,0.32534605172230224,0.24848416395834588,0.17543761313240158,0.36912374641831375,0.6257854555692554,0.1621685951950921,0.22881177116039114,0.24489266426389383,0.26875603601277004,0.3145337206260175,0.2515130167785724
HINDUNILVR,-0.009994023306185606,0.003914027573748134,0.1099453082331818,0.27337964481484334,0.0141614284806394,0.13380876663276253,0.1615426758894457,0.13798641785540144,-0.06364652745434793,0.15870112148727966,-0.006538004643487005,0.46921686714220556,0.03523194739946304,-0.04289178100805089,0.1630975540194655,0.11191232695161192,0.15987466613982013,0.12167023692025954,0.0744271674954607,0.14819363445238504,0.20230844414270507,0.0738130529652193,1.0,0.0013732340050955803,0.09178740267433821,0.1653007943411036,0.3243202295628883,0.14435615751103678,0.17524966459517377,0.018101626848105366,0.134431891955096,0.15293022803323308,0.4792879809524676,-0.046914154334445735,-0.015273193334086537,-0.08523749296417185,0.08792903184557117,0.27716849056833437,-0.0585112192270294,0.03953624868307698,0.06270568025210546,0.4260963181928589,0.08321609496437565,0.08596909885584585,0.14899573304218328,0.1350867940600765,0.1958437324561279,0.08072210020267205,0.1662257778830074,0.17834222323226168
ICICIBANK,0.39292959245204423,0.4393589243516036,0.14785330451573211,0.15078865297092928,0.6491857702719098,0.10896405271894047,0.4226755921007529,0.34071494219044,0.306355120655395,0.3507693919865064,0.21863328821667652,0.04665869829722958,0.07794604340064627,0.2420388500984924,0.03615163911135118,0.3481512561817977,0.40003394517562585,0.10775749981171699,0.4295762054461198,0.19009742138558464,0.13637538110419725,0.17152589085502132,0.0013732340050955803,1.0,0.35910200605803,0.18492709337993737,0.31150853980020715,0.37329210219009795,0.44058381686061343,0.41125750689798346,0.30612338000322253,0.22846168576516193,0.10899600405323231,0.35395948617498707,0.2720174868916011,0.29946579682304025,0.3874347083263866,0.20713633328127193,0.5142968843912818,0.4532132203013283,0.19575346264086238,0.11966856839880756,0.20057761409631214,0.3434525176393258,0.1587208118682388,0.15327766791996647,0.13604380987365483,0.1214328317289657,0.431129037656184,0.21214826643203516
INDUSINDBK,0.40057972745026693,0.42777887906754786,0.11786893412107251,0.1838291312335772,0.34686109896326217,0.19384165661280395,0.4199323252090004,0.40772456942634244,0.31677675655435017,0.23406489964316513,0.3643389457813341,0.12118537520026558,0.032601661446179216,0.35550127931894654,0.10485995435547675,0.2735027967615372,0.3439770660397042,0.10891269434413564,0.37978949750261365,0.17999016039991966,0.1982827708295252,0.28921752508349813,0.09178740267433821,0.35910200605803,1.0,0.11497825201863743,0.1813936124391066,0.4124475993087598,0.3294500653422568,0.4226793818896286,0.36678335831167885,0.29846628353072907,0.16520286551600807,0.4455316817233195,0.3252004847054054,0.33696268660600004,0.3975982981133335,0.2210207710356779,0.46150672603946036,0.4388115432188806,0.11016553704426874,0.2592555333280525,0.32509636834768135,0.41034692549455903,0.07143761349538533,0.1013515602318671,0.2353395120169488,0.19039327520516353,0.3347031192086286,0.19770075189042804
INFY,0.09247229457668364,0.13838028520739523,0.09953405179279769,0.09201651945133917,0.06222662734887787,-0.01959008594985801,0.24179959202373072,0.1850145071337831,0.14978251403805212,0.2740190017303317,0.12746311777100253,0.10157808728422336,0.05104147384714671,0.10949202125424067,0.23855539294209432,0.10866262688410556,0.17279899258195253,0.7109673170328521,0.09552596608554395,0.05878659627436631,0.0987967508585474,0.17593187382431896,0.1653007943411036,0.18492709337993737,0.11497825201863743,1.0,0.200876921308407,0.20716436732135582,0.15642161318570652,0.22355826166643647,0.2302268771785651,0.12298052102392362,0.07060959128027158,0.10940280657355171,0.22972369465186931,0.089538324844395,0.19377260864889237,0.1577890257979277,0.16553161376810338,0.15047068096325728,0.1485626035536775,0.2612978804546594,0.18638767214641727,0.17778571483765854,0.7198010793680663,0.6488543904338943,0.20503577282546617,0.14848764453373928,0.22957491451784937,0.5734830249330916
ITC,0.24956460175898743,0.2731441749733941,0.17202618614597004,0.2900755196167583,0.26285525473999216,0.14008292518819856,0.3008237012968352,0.29905259356928054,0.22341993306630162,0.26326928026175644,0.17475552558190716,0.37781739363212646,0.12177648467972638,0.2417914841600243,0.17900911905407957,0.26109286125601355,0.26538158982466653,0.18311428108573838,0.17067057229623592,0.19078745043130338,0.09054592983133102,0.1330377242178701,0.3243202295628883,0.31150853980020715,0.1813936124391066,0.200876921308407,1.0,0.30108122356609235,0.24996022951753316,0.24871355963833688,0.18990488236449868,0.24453480649923404,0.3760064127293904,0.229961922193058,0.20104493093127748,0.12375782495117577,0.29828257674137126,0.21142780311457499,0.258718979420651,0.2331098052340383,0.18826184449070602,0.31142345761910556,0.18986992769505245,0.24474875948942562,0.16791659917977966,0.2165145360535549,0.3178664514958113,0.14786749877983243,0.2600376546902022,0.22523796148425823
JSWSTEEL,0.4014181093019591,0.42939564778855144,0.26806772129686124,0.3242685951223172,0.3590866499095825,0.22120809675284098,0.44284959229790216,0.3822030401534953,0.45247487591397706,0.3612374329649645,0.36694667003464976,0.19099264616766468,0.1581711833705543,0.4282612912715851,0.24025554959686446,0.3281004741521717,0.4952819120322438,0.254360194310943,0.36601018960396126,0.23843407537821887,0.19570455253339347,0.6041958095065313,0.14435615751103678,0.37329210219009795,0.4124475993087598,0.20716436732135582,0.30108122356609235,1.0,0.2944038196978145,0.48654643734418207,0.40935692334545865,0.3562077734302755,0.172254255916706,0.507044482189219,0.44157359115618633,0.4528877252825304,0.4182239046017547,0.21505385110071867,0.44040204818799783,0.4250364742132969,0.25328305821138414,0.22925481240881315,0.4117819587574193,0.7912607092694073,0.20704498189616077,0.25645016100838625,0.3039396891415295,0.2590067143792882,0.5528052001585141,0.35233166934026616
KOTAKBANK,0.231170949657357,0.2933552857013152,0.1278606328551138,0.15679903431380368,0.30059683749096006,0.079766922981694,0.25928902381343827,0.30570945052845494,0.25848632349767153,0.3037382927388365,0.1492214278444633,0.228447688561429,0.033212875540635706,0.21545684006949795,-0.05392698176727125,0.24049280140016713,0.23191596664394976,0.11921342822888746,0.413422057692391,0.18616273733878635,0.1411244139190983,0.19584262362805838,0.17524966459517377,0.44058381686061343,0.3294500653422568,0.15642161318570652,0.24996022951753316,0.2944038196978145,1.0,0.2743309723463502,0.2339511036849093,0.2097751336669161,0.11181340741885919,0.22652566491232884,0.23559046137029632,0.1892589242738283,0.3429405700163216,0.26724287060810675,0.27549057390774684,0.28360087302404713,0.08726651566206228,0.1885587101878375,0.15574393311290724,0.2626996426271149,0.09528668507142464,0.15189047066208375,0.1459338892221789,0.08452450260110975,0.3329841042443916,0.234850418813616
LT,0.48376961301224963,0.5173208660834981,0.22073660405246728,0.2080862218257232,0.34844460153371226,0.16436463577401725,0.40741075061253285,0.37798754624059744,0.5933357083888607,0.31858061810145294,0.4720863269398955,0.08998667903807306,0.14786199557859508,0.49459222158361865,0.12439957799634568,0.3316854338351199,0.34378548846003626,0.2192988513474494,0.34487222644489474,0.253544989815938,0.18810927135439073,0.3298001622362896,0.018101626848105366,0.41125750689798346,0.4226793818896286,0.22355826166643647,0.24871355963833688,0.48654643734418207,0.2743309723463502,1.0,0.35541522097817646,0.3276015195944796,0.0917236314826625,0.5374697956429264,0.5442417261251645,0.45390730048112227,0.5357623054513253,0.33082238614645193,0.49499864771687685,0.46664744705811634,0.16589754872094964,0.16519192554798234,0.3472757995549479,0.4827795139912602,0.20551645231726512,0.2002744896376089,0.21551749541157397,0.17484645143931582,0.46899921086111296,0.31593213059328035
M&M,0.3059712896675553,0.31699684967861624,0.2413646468322753,0.124043193444386,0.23711834327293457,0.2745913567054706,0.33493189332119694,0.2517156829800467,0.36622718771782337,0.2812063753155073,0.281718686790063,0.1187348854972534,0.18025464552857193,0.28574661703930815,0.22567639106777107,0.3477052284016496,0.30299605031290605,0.21331748550045956,0.32377417091018984,0.20496139697905194,0.35610931846202665,0.2953608046315545,0.134431891955096,0.30612338000322253,0.36678335831167885,0.2302268771785651,0.18990488236449868,0.40935692334545865,0.2339511036849093,0.35541522097817646,1.0,0.39382316612809565,0.21136596083395578,0.33270806834743905,0.28331546720725437,0.29893033037386024,0.2952764804337888,0.21159170661817805,0.3135302845128448,0.36918500821935624,0.2769216116011448,0.17377149049483429,0.4055735484073856,0.42245399966609043,0.1759271750271649,0.2116961302310621,0.2808123269572942,0.26246050493955836,0.4285520537339766,0.29625595559142964
MARUTI,0.31817978291439303,0.29513157988363475,0.18974508019295733,0.2524003181610889,0.24887695065220886,0.341942940856545,0.317498031162519,0.2743873762619714,0.21549715415435688,0.3497672077620299,0.29849876190052643,0.1673568427533173,0.07251315856959743,0.25984807903231694,0.13507648893580837,0.3910558410641431,0.2871946775932643,0.2067169634177907,0.24267476538857577,0.23578766900494327,0.2935576833895897,0.28031789230588244,0.15293022803323308,0.22846168576516193,0.29846628353072907,0.12298052102392362,0.24453480649923404,0.3562077734302755,0.2097751336669161,0.3276015195944796,0.39382316612809565,1.0,0.24704656870941769,0.284333827837385,0.2882312407778905,0.28178453717328616,0.3553230911558992,0.28954719673817864,0.27815449912780343,0.280905013992735,0.1924536325824579,0.19381573404070263,0.3881695702797781,0.3848009752151332,0.1630854630608542,0.14264432463849575,0.3217252566661498,0.18384522559373467,0.35126944087222495,0.2030252929101188
NESTLEIND,0.09630040933851912,0.09029417910929917,0.224628428928866,0.2671496359426625,0.1455864153249618,0.15528122795955743,0.28459567883209985,0.24998539518626992,0.060399759637194184,0.09870119615891905,0.05596991787670819,0.4836933825544486,0.10897842552205715,0.07987509586959746,0.2475846314340498,0.12171358061853388,0.2703671650211859,0.08956971299236124,0.05948152928700071,0.13557256571612705,0.24375947001064954,0.1298465540984508,0.4792879809524676,0.10899600405323231,0.16520286551600807,0.07060959128027158,0.3760064127293904,0.172254255916706,0.11181340741885919,0.0917236314826625,0.21136596083395578,0.24704656870941769,1.0,0.0826571619343087,0.029905177557069774,0.08552162287429751,0.18092970020149923,0.19485723739865268,0.03656214892521369,0.129854363117326,0.16383448261956635,0.38458126082189753,0.1360180025899469,0.12606399171297938,0.099721353715827,0.04987660469787258,0.24323392684228398,0.15433616425293764,0.2781991728771273,0.1714304428091819
NTPC,0.5524042539174407,0.614574150592417,0.1826016242608971,0.22149675492065632,0.38142368324062037,0.2019579112578436,0.3959023496200001,0.324073027582716,0.6120331963578772,0.36609187828041523,0.6055148912661569,0.07578813664167926,0.08719922067450377,0.6245166231948235,0.21207591091106007,0.2685838473259689,0.3931893749312954,0.15234237758671157,0.34143545316464935,0.19140944953994093,0.14422693480922957,0.35784351862154945,-0.046914154334445735,0.35395948617498707,0.4455316817233195,0.10940280657355171,0.229961922193058,0.507044482189219,0.22652566491232884,0.5374697956429264,0.33270806834743905,0.284333827837385,0.0826571619343087,1.0,0.6356724817333892,0.7145445446934159,0.5526119387237978,0.21713986589456236,0.5935329663037695,0.4689199512320086,0.23313159637209221,0.17947291807584986,0.41372946998166965,0.5352851246255527,0.10675456387537574,0.1809088949273446,0.32941204839640503,0.22844217591596108,0.4553500130314093,0.19178593910206665
ONGC,0.48758894132970676,0.5280377787527815,0.16716243513216544,0.12709256161850901,0.31913702484676243,0.19128963597736173,0.31914640273363054,0.32111742980318697,0.5763062283600947,0.3407923994849829,0.6014442063590917,0.03891755282603914,0.024103832336953963,0.6541883341941099,0.18494202515715205,0.2378941203165106,0.32738358866290534,0.2195297699397969,0.2784685683532067,0.2047235059283851,0.20137356144803625,0.41130822703855086,-0.015273193334086537,0.2720174868916011,0.3252004847054054,0.22972369465186931,0.20104493093127748,0.44157359115618633,0.23559046137029632,0.5442417261251645,0.28331546720725437,0.2882312407778905,0.029905177557069774,0.6356724817333892,1.0,0.5071270665914196,0.5518500864998613,0.2671624367706884,0.5747922907073083,0.45471497195837257,0.22012062795816703,0.17473035308742613,0.44470858075803343,0.4965883085033832,0.1677951676272583,0.23255341665777407,0.19565156923837698,0.21397712707157943,0.41010957392988734,0.2914899805220732
POWERGRID,0.4040944904040302,0.5135072585583129,0.1772222939619884,0.10965383350744382,0.29523816900219213,0.1719824264975194,0.31551041699735016,0.24546545149653112,0.5434175658418805,0.3132016138486968,0.5350605920068896,-0.03354306910183781,0.12455729784630412,0.5343122223449621,0.1908651786002457,0.21413995607084757,0.35633022047599217,0.10726619780925416,0.3152331308875643,0.10204347997299368,0.13411136055035153,0.37127353692276605,-0.08523749296417185,0.29946579682304025,0.33696268660600004,0.089538324844395,0.12375782495117577,0.4528877252825304,0.1892589242738283,0.45390730048112227,0.29893033037386024,0.28178453717328616,0.08552162287429751,0.7145445446934159,0.5071270665914196,1.0,0.47795524559170455,0.14547599887208748,0.4972448898907381,0.3630487671430672,0.2514436618374939,0.14584568935659484,0.3602341040909858,0.49929605948085065,0.10129494687648,0.14710787596934835,0.2061978477223116,0.2020373994457426,0.4047607278474467,0.1614369919576362
RELIANCE,0.4856900187763024,0.5159054166366837,0.2250957456002831,0.291506888073075,0.4334849192114962,0.25627349611028244,0.41583481969813785,0.4114936839140572,0.4957290070407343,0.35391969169429843,0.47668198495187347,0.13628676217501418,0.04689631748040636,0.5127272808792898,0.16909408519561991,0.3318721363366153,0.39191074395777314,0.28175396535047226,0.29806871036181787,0.21485912327008225,0.2363372466082382,0.32845320460870725,0.08792903184557117,0.3874347083263866,0.3975982981133335,0.19377260864889237,0.29828257674137126,0.4182239046017547,0.3429405700163216,0.5357623054513253,0.2952764804337888,0.3553230911558992,0.18092970020149923,0.5526119387237978,0.5518500864998613,0.47795524559170455,1.0,0.2835992049814429,0.5456051194422713,0.4556283618122709,0.2843937711853922,0.20058505011085864,0.3974992593691592,0.4462222344255992,0.24215628323814206,0.257508194614317,0.33008315681179967,0.2793607517037928,0.49107440654006584,0.35279921271513376
SBILIFE,0.2857722406633147,0.27872032003699043,0.15564165093652235,0.20606566166459778,0.17994023792850486,0.19649264102038633,0.4152005735311482,0.3417086712991058,0.20497910767149116,0.23518201423593074,0.24000178012013443,0.09358637150538769,0.11697992993876352,0.24167148748442988,0.20228699339814998,0.3299361318691299,0.23539466112352556,0.20421108171980673,0.21212573900574516,0.5913047588700215,0.20710064146640905,0.17219257860653805,0.27716849056833437,0.20713633328127193,0.2210207710356779,0.1577890257979277,0.21142780311457499,0.21505385110071867,0.26724287060810675,0.33082238614645193,0.21159170661817805,0.28954719673817864,0.19485723739865268,0.21713986589456236,0.2671624367706884,0.14547599887208748,0.2835992049814429,1.0,0.2735789283216815,0.34907634932377013,0.1473796182709912,0.20781474261578434,0.2255794435749063,0.2279923173220543,0.17029617765955662,0.13764967671623482,0.20012687851257355,0.18136707033890853,0.25742325089546325,0.24679674516852698
SBIN,0.5505904216806069,0.5791027965813103,0.16981228507022567,0.09532806096186378,0.508423512624139,0.1421972959447857,0.4243061067129162,0.39427295781605304,0.5757216920128632,0.2850453942045715,0.5293805240203949,-0.0032990252646732223,0.015179931935832263,0.5144503324071924,0.13888991812258436,0.3147381698153241,0.42745540727445835,0.21061908281229766,0.3589529166828686,0.20667256530997874,0.1271490856202131,0.3309459863740934,-0.0585112192270294,0.5142968843912818,0.46150672603946036,0.16553161376810338,0.258718979420651,0.44040204818799783,0.27549057390774684,0.49499864771687685,0.3135302845128448,0.27815449912780343,0.03656214892521369,0.5935329663037695,0.5747922907073083,0.4972448898907381,0.5456051194422713,0.2735789283216815,1.0,0.5086144161658438,0.10947958304980746,0.1117312423869241,0.37030352639115527,0.4824485197695521,0.1589268527685387,0.17941678095014313,0.20962952455354145,0.26850313071609616,0.42538352858961037,0.23418562773008345
SHRIRAMFIN,0.42204631584038965,0.4746082385506535,0.2710100287722068,0.21387620726941467,0.42910440863847776,0.28960810200274867,0.48625870279506256,0.45983982990992334,0.47163887094757306,0.3524415502317674,0.4069219722091514,0.11945787173939885,0.0790984841532652,0.4252363849032729,0.15012375679214673,0.3636210969583936,0.3619397720082304,0.21623728101315925,0.34730474727737637,0.30002580724708044,0.26127614940074856,0.32534605172230224,0.03953624868307698,0.4532132203013283,0.4388115432188806,0.15047068096325728,0.2331098052340383,0.4250364742132969,0.28360087302404713,0.46664744705811634,0.36918500821935624,0.280905013992735,0.129854363117326,0.4689199512320086,0.45471497195837257,0.3630487671430672,0.4556283618122709,0.34907634932377013,0.5086144161658438,1.0,0.2010956624671436,0.18221962214235524,0.3543176765359673,0.4544403845359589,0.11909566588192665,0.21690585784495256,0.2541645233861577,0.2164269381623819,0.4873935600890192,0.3027737294181401
SUNPHARMA,0.17603226615142423,0.21800087144040192,0.2860279571591975,0.21630366265911055,0.14810699175479805,0.15882485082460018,0.20537712816381024,0.1290154331050417,0.16573001691555292,0.25990654540613684,0.2051696905879874,0.18950082794759573,0.417541343476436,0.18171809995173438,0.4105551654366435,0.17170304391732705,0.22102019327950545,0.16403597385004307,0.0669816619917574,0.15818347499913707,0.22781456265578864,0.24848416395834588,0.06270568025210546,0.19575346264086238,0.11016553704426874,0.1485626035536775,0.18826184449070602,0.25328305821138414,0.08726651566206228,0.16589754872094964,0.2769216116011448,0.1924536325824579,0.16383448261956635,0.23313159637209221,0.22012062795816703,0.2514436618374939,0.2843937711853922,0.1473796182709912,0.10947958304980746,0.2010956624671436,1.0,0.1638816980754225,0.2930390157417869,0.2639797906312308,0.13995925120636596,0.15745401054580255,0.22411717140223983,0.2632400806320338,0.23611216824606632,0.18864219009621408
TATACONSUM,0.20511776152284766,0.21933582319387548,0.09119015843941519,0.2464639302954742,0.14440302949116945,0.1903302860229272,0.28684149685270205,0.22468738986632789,0.1737372883956756,0.2502107819510715,0.1563397552399824,0.4120245477349835,0.07337616180723276,0.2058070687151045,0.12386031335615975,0.17835264617592164,0.28367796921516164,0.19627140483021494,0.10776417588626183,0.20936642936203315,0.21952868925624427,0.17543761313240158,0.4260963181928589,0.11966856839880756,0.2592555333280525,0.2612978804546594,0.31142345761910556,0.22925481240881315,0.1885587101878375,0.16519192554798234,0.17377149049483429,0.19381573404070263,0.38458126082189753,0.17947291807584986,0.17473035308742613,0.14584568935659484,0.20058505011085864,0.20781474261578434,0.1117312423869241,0.18221962214235524,0.1638816980754225,1.0,0.17216710078998687,0.22581773042410302,0.2663423465704624,0.20939326392947843,0.30513848550341693,0.1812180667981331,0.24589799476901456,0.25394344264529356
TATAMOTORS,0.331481346939946,0.3387521472639438,0.20405393309036074,0.09850535090194437,0.23825063626228657,0.30016542885525854,0.2802459605327492,0.21025447523599758,0.3683149386940777,0.26292912759769055,0.43862764515321223,0.10033268106831629,0.04697497784810307,0.40668575759298864,0.20593635881819466,0.3150079176886855,0.341549373450749,0.2528026225293107,0.21610591295581796,0.21370781701902025,0.29121173828141483,0.36912374641831375,0.08321609496437565,0.20057761409631214,0.32509636834768135,0.18638767214641727,0.18986992769505245,0.4117819587574193,0.15574393311290724,0.3472757995549479,0.4055735484073856,0.3881695702797781,0.1360180025899469,0.41372946998166965,0.44470858075803343,0.3602341040909858,0.3974992593691592,0.2255794435749063,0.37030352639115527,0.3543176765359673,0.2930390157417869,0.17216710078998687,1.0,0.5252664370994129,0.24606584783139157,0.28351834220939565,0.26894770195838896,0.22077553911598735,0.36221480543011614,0.32183935437979705
TATASTEEL,0.4271310224811417,0.4618843663256481,0.2556783616355534,0.28537975181045816,0.3630857410477796,0.2917077000728768,0.46827161526205946,0.3856340016790019,0.5179502049697191,0.30945824630908964,0.4705152658616929,0.11140673469486322,0.13100749793364683,0.5309883724141503,0.2047112428035664,0.3175748660214547,0.462222875649228,0.26986525090483804,0.3874688207326238,0.26387143409911,0.28204386013365884,0.6257854555692554,0.08596909885584585,0.3434525176393258,0.41034692549455903,0.17778571483765854,0.24474875948942562,0.7912607092694073,0.2626996426271149,0.4827795139912602,0.42245399966609043,0.3848009752151332,0.12606399171297938,0.5352851246255527,0.4965883085033832,0.49929605948085065,0.4462222344255992,0.2279923173220543,0.4824485197695521,0.4544403845359589,0.2639797906312308,0.22581773042410302,0.5252664370994129,1.0,0.24249820849768633,0.2806638775732845,0.28700168086345534,0.22020765845779594,0.48152027405953995,0.3277871398270484
TCS,0.09985583656990787,0.12581311424399413,0.09126879874703198,0.14634385468023606,0.10547940367355862,0.020969456973069497,0.22640838177797504,0.1653059697592395,0.11854940748608389,0.17881853510051499,0.1823516218541681,0.11460504593917598,0.07668274534743684,0.09537391352693222,0.23449591740341824,0.13463461090365522,0.18179050004915873,0.6410155709903059,0.02921629086608574,0.11152037044490516,0.11823833997368759,0.1621685951950921,0.14899573304218328,0.1587208118682388,0.07143761349538533,0.7198010793680663,0.16791659917977966,0.20704498189616077,0.09528668507142464,0.20551645231726512,0.1759271750271649,0.1630854630608542,0.099721353715827,0.10675456387537574,0.1677951676272583,0.10129494687648,0.24215628323814206,0.17029617765955662,0.1589268527685387,0.11909566588192665,0.13995925120636596,0.2663423465704624,0.24606584783139157,0.24249820849768633,1.0,0.5760037849115326,0.1320436565271536,0.12106393667433396,0.24325037063811675,0.6016315848098871
TECHM,0.1306593956563009,0.13686097379126272,0.1452534191966699,0.14466090071636878,0.1295695736290648,0.03722062621809216,0.1857367078665075,0.14806928749802792,0.21133629478003144,0.254081551722038,0.20072140592371798,0.12880550791824708,0.04027575589675137,0.17226349768630742,0.21450355123750353,0.18424840551339752,0.16133165536844643,0.5567052579213784,0.1949306989691191,0.10071038878781227,0.1082001304463572,0.22881177116039114,0.1350867940600765,0.15327766791996647,0.1013515602318671,0.6488543904338943,0.2165145360535549,0.25645016100838625,0.15189047066208375,0.2002744896376089,0.2116961302310621,0.14264432463849575,0.04987660469787258,0.1809088949273446,0.23255341665777407,0.14710787596934835,0.257508194614317,0.13764967671623482,0.17941678095014313,0.21690585784495256,0.15745401054580255,0.20939326392947843,0.28351834220939565,0.2806638775732845,0.5760037849115326,1.0,0.22915239722910694,0.150184875043879,0.26886678070563996,0.5985383462853016
TITAN,0.28002188465105876,0.2943412387696406,0.24394191079259442,0.2898128801566486,0.14316508716035428,0.19137031969372495,0.2909673417647296,0.23802161814163977,0.15425004891899793,0.27968411294010287,0.2686971160864237,0.07085044579028398,0.09991088504474183,0.2375606495022809,0.13442424502443379,0.2677729685208449,0.3598266405127468,0.19823504393651667,0.17968306739280704,0.20053714722684707,0.296751486111377,0.24489266426389383,0.1958437324561279,0.13604380987365483,0.2353395120169488,0.20503577282546617,0.3178664514958113,0.3039396891415295,0.1459338892221789,0.21551749541157397,0.2808123269572942,0.3217252566661498,0.24323392684228398,0.32941204839640503,0.19565156923837698,0.2061978477223116,0.33008315681179967,0.20012687851257355,0.20962952455354145,0.2541645233861577,0.22411717140223983,0.30513848550341693,0.26894770195838896,0.28700168086345534,0.1320436565271536,0.22915239722910694,1.0,0.18867681330436067,0.3528802659046294,0.25544622448406146
TRENT,0.19694304170808868,0.20398093810298568,0.07921428151290028,0.23693936379364874,0.1785857922987433,0.22177724720785982,0.20269426353052214,0.23065729088421996,0.26700389343915754,0.26115608120855033,0.21638414112607968,0.034782783179312306,0.12705410060339253,0.26671275024755237,0.17647350689606325,0.23665777253640635,0.23865322364741462,0.1985647348209641,0.10966130918229429,0.2048945201245615,0.2113102095506998,0.26875603601277004,0.08072210020267205,0.1214328317289657,0.19039327520516353,0.14848764453373928,0.14786749877983243,0.2590067143792882,0.08452450260110975,0.17484645143931582,0.26246050493955836,0.18384522559373467,0.15433616425293764,0.22844217591596108,0.21397712707157943,0.2020373994457426,0.2793607517037928,0.18136707033890853,0.26850313071609616,0.2164269381623819,0.2632400806320338,0.1812180667981331,0.22077553911598735,0.22020765845779594,0.12106393667433396,0.150184875043879,0.18867681330436067,1.0,0.29510466585384754,0.1387993403252496
ULTRACEMCO,0.3671471279637274,0.40586733082947546,0.2651872727806193,0.2722259392271034,0.40327926659499513,0.2407457766964605,0.4779542919999371,0.4446051379555671,0.44520790264030996,0.3561888579415615,0.39597771967276574,0.1890080849952887,0.11142357682262743,0.32923529667402324,0.2625529478894133,0.31413319643477694,0.5783327003391516,0.21846012445165588,0.36389204125939845,0.23886887317527383,0.26880901142707564,0.3145337206260175,0.1662257778830074,0.431129037656184,0.3347031192086286,0.22957491451784937,0.2600376546902022,0.5528052001585141,0.3329841042443916,0.46899921086111296,0.4285520537339766,0.35126944087222495,0.2781991728771273,0.4553500130314093,0.41010957392988734,0.4047607278474467,0.49107440654006584,0.25742325089546325,0.42538352858961037,0.4873935600890192,0.23611216824606632,0.24589799476901456,0.36221480543011614,0.48152027405953995,0.24325037063811675,0.26886678070563996,0.3528802659046294,0.29510466585384754,1.0,0.2965114495586189
WIPRO,0.21723584075150768,0.23386993725618205,0.2171245072140621,0.131112185222203,0.1959476250616662,0.11744982974709875,0.3152220046582632,0.23435990733742224,0.25371282514585225,0.24833223515647093,0.21251992006447815,0.163832766639781,0.08206685037926997,0.23454382249835498,0.27374043935350884,0.2551733669750338,0.22770762354038285,0.6040199240902965,0.18086739869080348,0.18502911046847528,0.19851239180419006,0.2515130167785724,0.17834222323226168,0.21214826643203516,0.19770075189042804,0.5734830249330916,0.22523796148425823,0.35233166934026616,0.234850418813616,0.31593213059328035,0.29625595559142964,0.2030252929101188,0.1714304428091819,0.19178593910206665,0.2914899805220732,0.1614369919576362,0.35279921271513376,0.24679674516852698,0.23418562773008345,0.3027737294181401,0.18864219009621408,0.25394344264529356,0.32183935437979705,0.3277871398270484,0.6016315848098871,0.5985383462853016,0.25544622448406146,0.1387993403252496,0.2965114495586189,1.0
