Symbol,First_Date,First_Open,First_Close,Last_Date,Last_Open,Last_Close,Stock_Return_%
TRENT,2023-11-01 05:30:00,2163.7,2197.65,2024-11-22 05:30:00,6459.9,6652.8,202.72
BEL,2023-11-01 05:30:00,133.75,132.4,2024-11-22 05:30:00,276.0,280.85,112.12
M&M,2023-11-01 05:30:00,1464.9,1454.6,2024-11-22 05:30:00,2944.0,3012.95,107.13
BAJAJ-AUTO,2023-11-01 05:30:00,5305.0,5344.35,2024-11-22 05:30:00,9545.0,9481.65,77.41
BHARTIARTL,2023-11-01 05:30:00,903.0,913.45,2024-11-22 05:30:00,1533.0,1569.3,71.8
POWERGRID,2023-11-01 05:30:00,202.35,200.95,2024-11-22 05:30:00,325.8,336.95,67.68
SUNPHARMA,2023-11-01 05:30:00,1092.0,1116.2,2024-11-22 05:30:00,1785.0,1795.3,60.84
BPCL,2023-11-01 05:30:00,175.28,178.45,2024-11-22 05:30:00,282.6,285.85,60.18
NTPC,2023-11-01 05:30:00,236.7,232.6,2024-11-22 05:30:00,357.05,365.45,57.12
TECHM,2023-11-01 05:30:00,1130.95,1125.1,2024-11-22 05:30:00,1714.75,1747.45,55.32
HEROMOTOCO,2023-11-01 05:30:00,3095.95,3092.45,2024-11-22 05:30:00,4778.4,4794.1,55.03
EICHERMOT,2023-11-01 05:30:00,3309.8,3282.25,2024-11-22 05:30:00,4913.0,4986.2,51.91
HCLTECH,2023-11-01 05:30:00,1280.0,1258.95,2024-11-22 05:30:00,1846.35,1898.4,50.79
WIPRO,2023-11-01 05:30:00,383.85,380.95,2024-11-22 05:30:00,561.95,571.65,50.06
SHRIRAMFIN,2023-11-01 05:30:00,1884.0,1902.25,2024-11-22 05:30:00,2750.0,2850.05,49.83
ADANIPORTS,2023-11-01 05:30:00,784.75,769.1,2024-11-22 05:30:00,1072.6,1136.75,47.8
APOLLOHOSP,2023-11-01 05:30:00,4835.0,4796.55,2024-11-22 05:30:00,6751.6,6935.1,44.59
SBIN,2023-11-01 05:30:00,566.25,566.4,2024-11-22 05:30:00,786.0,816.05,44.08
HINDALCO,2023-11-01 05:30:00,458.5,462.7,2024-11-22 05:30:00,652.95,652.1,40.93
INFY,2023-11-01 05:30:00,1373.05,1354.15,2024-11-22 05:30:00,1854.1,1902.25,40.48
ICICIBANK,2023-11-01 05:30:00,913.8,914.05,2024-11-22 05:30:00,1258.0,1278.05,39.82
GRASIM,2023-11-01 05:30:00,1886.5,1861.15,2024-11-22 05:30:00,2540.4,2598.65,39.63
ULTRACEMCO,2023-11-01 05:30:00,8440.0,8381.45,2024-11-22 05:30:00,10999.0,11375.3,35.72
COALINDIA,2023-11-01 05:30:00,313.2,306.65,2024-11-22 05:30:00,407.4,414.05,35.02
JSWSTEEL,2023-11-01 05:30:00,736.9,724.45,2024-11-22 05:30:00,947.9,977.35,34.91
ONGC,2023-11-01 05:30:00,186.15,186.7,2024-11-22 05:30:00,244.8,245.6,31.55
TCS,2023-11-01 05:30:00,3355.0,3330.65,2024-11-22 05:30:00,4071.0,4244.6,27.44
TATAMOTORS,2023-11-01 05:30:00,630.0,627.7,2024-11-22 05:30:00,775.0,791.0,26.02
LT,2023-11-01 05:30:00,2947.45,2895.3,2024-11-22 05:30:00,3500.0,3603.5,24.46
CIPLA,2023-11-01 05:30:00,1200.0,1201.25,2024-11-22 05:30:00,1466.0,1486.5,23.75
TATASTEEL,2023-11-01 05:30:00,119.0,116.6,2024-11-22 05:30:00,140.15,142.78,22.45
HDFCBANK,2023-11-01 05:30:00,1462.25,1474.5,2024-11-22 05:30:00,1743.55,1745.6,18.39
AXISBANK,2023-11-01 05:30:00,977.85,971.8,2024-11-22 05:30:00,1136.65,1142.4,17.56
DRREDDY,2023-11-01 05:30:00,1077.0,1069.29,2024-11-22 05:30:00,1199.0,1214.45,13.58
SBILIFE,2023-11-01 05:30:00,1371.05,1336.05,2024-11-22 05:30:00,1485.35,1485.15,11.16
HDFCLIFE,2023-11-01 05:30:00,621.8,620.05,2024-11-22 05:30:00,680.0,688.2,10.99
ITC,2023-11-01 05:30:00,430.0,428.1,2024-11-22 05:30:00,456.2,474.65,10.87
BRITANNIA,2023-11-01 05:30:00,4442.6,4397.3,2024-11-22 05:30:00,4789.05,4848.35,10.26
RELIANCE,2023-11-01 05:30:00,1144.58,1148.7,2024-11-22 05:30:00,1229.4,1265.4,10.16
MARUTI,2023-11-01 05:30:00,10390.1,10227.8,2024-11-22 05:30:00,10905.0,11063.6,8.17
TATACONSUM,2023-11-01 05:30:00,894.88,892.06,2024-11-22 05:30:00,916.25,945.2,5.96
TITAN,2023-11-01 05:30:00,3193.85,3173.4,2024-11-22 05:30:00,3174.85,3308.7,4.26
KOTAKBANK,2023-11-01 05:30:00,1731.0,1724.4,2024-11-22 05:30:00,1734.0,1761.45,2.15
BAJAJFINSV,2023-11-01 05:30:00,1574.9,1572.85,2024-11-22 05:30:00,1569.95,1600.85,1.78
ADANIENT,2023-11-01 05:30:00,2299.0,2217.3,2024-11-22 05:30:00,2101.0,2228.0,0.48
HINDUNILVR,2023-11-01 05:30:00,2485.0,2472.25,2024-11-22 05:30:00,2390.95,2445.25,-1.09
NESTLEIND,2023-11-01 05:30:00,2420.0,2387.27,2024-11-22 05:30:00,2214.2,2247.3,-5.86
BAJFINANCE,2023-11-01 05:30:00,7520.0,7471.9,2024-11-22 05:30:00,6470.0,6683.95,-10.55
ASIANPAINT,2023-11-01 05:30:00,2997.95,2934.55,2024-11-22 05:30:00,2430.0,2472.2,-15.76
INDUSINDBK,2023-11-01 05:30:00,1443.9,1432.6,2024-11-22 05:30:00,986.0,998.2,-30.32
