Date,Stock,Cumulative_Return_%
2023-11-01 05:30:00,BAJAJ-AUTO,0.0
2023-11-01 05:30:00,BEL,0.0
2023-11-01 05:30:00,BHARTIARTL,0.0
2023-11-01 05:30:00,M&M,0.0
2023-11-01 05:30:00,TRENT,0.0
2023-11-02 05:30:00,BAJAJ-AUTO,-0.49
2023-11-02 05:30:00,BEL,1.77
2023-11-02 05:30:00,BHARTIARTL,1.14
2023-11-02 05:30:00,M&M,1.04
2023-11-02 05:30:00,TRENT,-0.35
2023-11-03 05:30:00,BAJAJ-AUTO,0.46
2023-11-03 05:30:00,BEL,2.68
2023-11-03 05:30:00,BHARTIARTL,1.89
2023-11-03 05:30:00,M&M,0.99
2023-11-03 05:30:00,TRENT,-0.05
2023-11-06 05:30:00,BAJAJ-AUTO,1.17
2023-11-06 05:30:00,BEL,3.97
2023-11-06 05:30:00,BHARTIARTL,2.82
2023-11-06 05:30:00,M&M,2.32
2023-11-06 05:30:00,TRENT,1.62
2023-11-07 05:30:00,BAJAJ-AUTO,1.4
2023-11-07 05:30:00,BEL,4.27
2023-11-07 05:30:00,BHARTIARTL,2.59
2023-11-07 05:30:00,M&M,1.73
2023-11-07 05:30:00,TRENT,10.3
2023-11-08 05:30:00,BAJAJ-AUTO,1.0
2023-11-08 05:30:00,BEL,6.04
2023-11-08 05:30:00,BHARTIARTL,2.55
2023-11-08 05:30:00,M&M,2.25
2023-11-08 05:30:00,TRENT,11.61
2023-11-09 05:30:00,BAJAJ-AUTO,1.39
2023-11-09 05:30:00,BEL,4.19
2023-11-09 05:30:00,BHARTIARTL,2.07
2023-11-09 05:30:00,M&M,6.7
2023-11-09 05:30:00,TRENT,12.76
2023-11-10 05:30:00,BAJAJ-AUTO,0.89
2023-11-10 05:30:00,BEL,4.83
2023-11-10 05:30:00,BHARTIARTL,2.41
2023-11-10 05:30:00,M&M,4.78
2023-11-10 05:30:00,TRENT,13.27
2023-11-12 05:30:00,BAJAJ-AUTO,1.84
2023-11-12 05:30:00,BEL,5.44
2023-11-12 05:30:00,BHARTIARTL,2.69
2023-11-12 05:30:00,M&M,4.93
2023-11-12 05:30:00,TRENT,13.5
2023-11-13 05:30:00,BAJAJ-AUTO,1.51
2023-11-13 05:30:00,BEL,8.31
2023-11-13 05:30:00,BHARTIARTL,2.36
2023-11-13 05:30:00,M&M,5.89
2023-11-13 05:30:00,TRENT,16.44
2023-11-15 05:30:00,BAJAJ-AUTO,3.6
2023-11-15 05:30:00,BEL,8.04
2023-11-15 05:30:00,BHARTIARTL,4.0
2023-11-15 05:30:00,M&M,6.16
2023-11-15 05:30:00,TRENT,16.18
2023-11-16 05:30:00,BAJAJ-AUTO,3.86
2023-11-16 05:30:00,BEL,7.7
2023-11-16 05:30:00,BHARTIARTL,3.95
2023-11-16 05:30:00,M&M,7.9
2023-11-16 05:30:00,TRENT,15.79
2023-11-17 05:30:00,BAJAJ-AUTO,5.37
2023-11-17 05:30:00,BEL,10.35
2023-11-17 05:30:00,BHARTIARTL,3.71
2023-11-17 05:30:00,M&M,8.93
2023-11-17 05:30:00,TRENT,17.23
2023-11-20 05:30:00,BAJAJ-AUTO,5.72
2023-11-20 05:30:00,BEL,8.65
2023-11-20 05:30:00,BHARTIARTL,5.25
2023-11-20 05:30:00,M&M,6.71
2023-11-20 05:30:00,TRENT,19.34
2023-11-21 05:30:00,BAJAJ-AUTO,6.39
2023-11-21 05:30:00,BEL,7.89
2023-11-21 05:30:00,BHARTIARTL,6.28
2023-11-21 05:30:00,M&M,7.23
2023-11-21 05:30:00,TRENT,18.93
2023-11-22 05:30:00,BAJAJ-AUTO,7.62
2023-11-22 05:30:00,BEL,7.14
2023-11-22 05:30:00,BHARTIARTL,6.16
2023-11-22 05:30:00,M&M,6.11
2023-11-22 05:30:00,TRENT,19.54
2023-11-23 05:30:00,BAJAJ-AUTO,10.87
2023-11-23 05:30:00,BEL,5.25
2023-11-23 05:30:00,BHARTIARTL,6.92
2023-11-23 05:30:00,M&M,6.27
2023-11-23 05:30:00,TRENT,20.81
2023-11-24 05:30:00,BAJAJ-AUTO,10.96
2023-11-24 05:30:00,BEL,6.0
2023-11-24 05:30:00,BHARTIARTL,6.54
2023-11-24 05:30:00,M&M,6.78
2023-11-24 05:30:00,TRENT,20.57
2023-11-28 05:30:00,BAJAJ-AUTO,12.23
2023-11-28 05:30:00,BEL,6.72
2023-11-28 05:30:00,BHARTIARTL,7.82
2023-11-28 05:30:00,M&M,7.66
2023-11-28 05:30:00,TRENT,21.57
2023-11-29 05:30:00,BAJAJ-AUTO,13.58
2023-11-29 05:30:00,BEL,6.5
2023-11-29 05:30:00,BHARTIARTL,8.97
2023-11-29 05:30:00,M&M,11.31
2023-11-29 05:30:00,TRENT,21.78
2023-11-30 05:30:00,BAJAJ-AUTO,13.96
2023-11-30 05:30:00,BEL,10.2
2023-11-30 05:30:00,BHARTIARTL,11.08
2023-11-30 05:30:00,M&M,13.28
2023-11-30 05:30:00,TRENT,26.82
2023-12-01 05:30:00,BAJAJ-AUTO,13.13
2023-12-01 05:30:00,BEL,11.37
2023-12-01 05:30:00,BHARTIARTL,11.08
2023-12-01 05:30:00,M&M,11.75
2023-12-01 05:30:00,TRENT,27.76
2023-12-04 05:30:00,BAJAJ-AUTO,16.04
2023-12-04 05:30:00,BEL,15.97
2023-12-04 05:30:00,BHARTIARTL,13.08
2023-12-04 05:30:00,M&M,13.9
2023-12-04 05:30:00,TRENT,28.18
2023-12-05 05:30:00,BAJAJ-AUTO,14.89
2023-12-05 05:30:00,BEL,14.8
2023-12-05 05:30:00,BHARTIARTL,12.88
2023-12-05 05:30:00,M&M,15.91
2023-12-05 05:30:00,TRENT,30.81
2023-12-06 05:30:00,BAJAJ-AUTO,13.58
2023-12-06 05:30:00,BEL,17.94
2023-12-06 05:30:00,BHARTIARTL,12.15
2023-12-06 05:30:00,M&M,17.04
2023-12-06 05:30:00,TRENT,30.5
2023-12-07 05:30:00,BAJAJ-AUTO,14.02
2023-12-07 05:30:00,BEL,21.11
2023-12-07 05:30:00,BHARTIARTL,9.48
2023-12-07 05:30:00,M&M,16.37
2023-12-07 05:30:00,TRENT,29.47
2023-12-08 05:30:00,BAJAJ-AUTO,13.68
2023-12-08 05:30:00,BEL,19.9
2023-12-08 05:30:00,BHARTIARTL,9.5
2023-12-08 05:30:00,M&M,14.71
2023-12-08 05:30:00,TRENT,29.29
2023-12-11 05:30:00,BAJAJ-AUTO,14.86
2023-12-11 05:30:00,BEL,21.79
2023-12-11 05:30:00,BHARTIARTL,9.57
2023-12-11 05:30:00,M&M,13.58
2023-12-11 05:30:00,TRENT,31.11
2023-12-12 05:30:00,BAJAJ-AUTO,17.02
2023-12-12 05:30:00,BEL,21.45
2023-12-12 05:30:00,BHARTIARTL,8.96
2023-12-12 05:30:00,M&M,12.43
2023-12-12 05:30:00,TRENT,31.21
2023-12-13 05:30:00,BAJAJ-AUTO,18.18
2023-12-13 05:30:00,BEL,23.0
2023-12-13 05:30:00,BHARTIARTL,9.46
2023-12-13 05:30:00,M&M,14.54
2023-12-13 05:30:00,TRENT,34.85
2023-12-14 05:30:00,BAJAJ-AUTO,18.53
2023-12-14 05:30:00,BEL,23.87
2023-12-14 05:30:00,BHARTIARTL,10.04
2023-12-14 05:30:00,M&M,17.11
2023-12-14 05:30:00,TRENT,35.82
2023-12-15 05:30:00,BAJAJ-AUTO,17.42
2023-12-15 05:30:00,BEL,27.68
2023-12-15 05:30:00,BHARTIARTL,8.66
2023-12-15 05:30:00,M&M,18.59
2023-12-15 05:30:00,TRENT,36.04
2023-12-18 05:30:00,BAJAJ-AUTO,20.98
2023-12-18 05:30:00,BEL,30.44
2023-12-18 05:30:00,BHARTIARTL,8.41
2023-12-18 05:30:00,M&M,17.61
2023-12-18 05:30:00,TRENT,35.21
2023-12-19 05:30:00,BAJAJ-AUTO,20.11
2023-12-19 05:30:00,BEL,30.7
2023-12-19 05:30:00,BHARTIARTL,8.21
2023-12-19 05:30:00,M&M,16.83
2023-12-19 05:30:00,TRENT,36.55
2023-12-20 05:30:00,BAJAJ-AUTO,19.09
2023-12-20 05:30:00,BEL,26.32
2023-12-20 05:30:00,BHARTIARTL,6.36
2023-12-20 05:30:00,M&M,13.22
2023-12-20 05:30:00,TRENT,34.19
2023-12-21 05:30:00,BAJAJ-AUTO,16.88
2023-12-21 05:30:00,BEL,28.89
2023-12-21 05:30:00,BHARTIARTL,7.06
2023-12-21 05:30:00,M&M,12.32
2023-12-21 05:30:00,TRENT,34.47
2023-12-22 05:30:00,BAJAJ-AUTO,19.23
2023-12-22 05:30:00,BEL,32.02
2023-12-22 05:30:00,BHARTIARTL,8.33
2023-12-22 05:30:00,M&M,12.35
2023-12-22 05:30:00,TRENT,34.94
2023-12-26 05:30:00,BAJAJ-AUTO,20.96
2023-12-26 05:30:00,BEL,37.42
2023-12-26 05:30:00,BHARTIARTL,9.46
2023-12-26 05:30:00,M&M,14.28
2023-12-26 05:30:00,TRENT,35.14
2023-12-27 05:30:00,BAJAJ-AUTO,25.55
2023-12-27 05:30:00,BEL,36.1
2023-12-27 05:30:00,BHARTIARTL,11.8
2023-12-27 05:30:00,M&M,16.04
2023-12-27 05:30:00,TRENT,37.0
2023-12-28 05:30:00,BAJAJ-AUTO,25.43
2023-12-28 05:30:00,BEL,37.99
2023-12-28 05:30:00,BHARTIARTL,13.49
2023-12-28 05:30:00,M&M,19.24
2023-12-28 05:30:00,TRENT,37.69
2023-12-29 05:30:00,BAJAJ-AUTO,27.19
2023-12-29 05:30:00,BEL,39.12
2023-12-29 05:30:00,BHARTIARTL,13.0
2023-12-29 05:30:00,M&M,18.89
2023-12-29 05:30:00,TRENT,39.01
2024-01-01 05:30:00,BAJAJ-AUTO,25.39
2024-01-01 05:30:00,BEL,39.69
2024-01-01 05:30:00,BHARTIARTL,10.9
2024-01-01 05:30:00,M&M,17.1
2024-01-01 05:30:00,TRENT,36.61
2024-01-02 05:30:00,BAJAJ-AUTO,24.71
2024-01-02 05:30:00,BEL,37.58
2024-01-02 05:30:00,BHARTIARTL,11.85
2024-01-02 05:30:00,M&M,13.86
2024-01-02 05:30:00,TRENT,36.29
2024-01-03 05:30:00,BAJAJ-AUTO,30.73
2024-01-03 05:30:00,BEL,37.73
2024-01-03 05:30:00,BHARTIARTL,13.33
2024-01-03 05:30:00,M&M,13.79
2024-01-03 05:30:00,TRENT,39.16
2024-01-04 05:30:00,BAJAJ-AUTO,29.52
2024-01-04 05:30:00,BEL,41.16
2024-01-04 05:30:00,BHARTIARTL,14.72
2024-01-04 05:30:00,M&M,12.86
2024-01-04 05:30:00,TRENT,39.6
2024-01-05 05:30:00,BAJAJ-AUTO,30.58
2024-01-05 05:30:00,BEL,40.45
2024-01-05 05:30:00,BHARTIARTL,14.58
2024-01-05 05:30:00,M&M,12.88
2024-01-05 05:30:00,TRENT,39.49
2024-01-08 05:30:00,BAJAJ-AUTO,30.68
2024-01-08 05:30:00,BEL,38.67
2024-01-08 05:30:00,BHARTIARTL,14.84
2024-01-08 05:30:00,M&M,11.11
2024-01-08 05:30:00,TRENT,38.54
2024-01-09 05:30:00,BAJAJ-AUTO,32.74
2024-01-09 05:30:00,BEL,39.46
2024-01-09 05:30:00,BHARTIARTL,16.54
2024-01-09 05:30:00,M&M,12.05
2024-01-09 05:30:00,TRENT,41.76
2024-01-10 05:30:00,BAJAJ-AUTO,31.99
2024-01-10 05:30:00,BEL,40.18
2024-01-10 05:30:00,BHARTIARTL,16.34
2024-01-10 05:30:00,M&M,12.25
2024-01-10 05:30:00,TRENT,44.41
2024-01-11 05:30:00,BAJAJ-AUTO,36.57
2024-01-11 05:30:00,BEL,39.24
2024-01-11 05:30:00,BHARTIARTL,16.36
2024-01-11 05:30:00,M&M,11.97
2024-01-11 05:30:00,TRENT,44.51
2024-01-12 05:30:00,BAJAJ-AUTO,36.63
2024-01-12 05:30:00,BEL,38.6
2024-01-12 05:30:00,BHARTIARTL,17.83
2024-01-12 05:30:00,M&M,11.68
2024-01-12 05:30:00,TRENT,46.16
2024-01-15 05:30:00,BAJAJ-AUTO,37.19
2024-01-15 05:30:00,BEL,42.48
2024-01-15 05:30:00,BHARTIARTL,20.69
2024-01-15 05:30:00,M&M,12.44
2024-01-15 05:30:00,TRENT,45.31
2024-01-16 05:30:00,BAJAJ-AUTO,36.48
2024-01-16 05:30:00,BEL,41.09
2024-01-16 05:30:00,BHARTIARTL,19.97
2024-01-16 05:30:00,M&M,11.39
2024-01-16 05:30:00,TRENT,44.07
2024-01-17 05:30:00,BAJAJ-AUTO,34.08
2024-01-17 05:30:00,BEL,40.22
2024-01-17 05:30:00,BHARTIARTL,18.81
2024-01-17 05:30:00,M&M,9.84
2024-01-17 05:30:00,TRENT,43.24
2024-01-18 05:30:00,BAJAJ-AUTO,32.54
2024-01-18 05:30:00,BEL,42.15
2024-01-18 05:30:00,BHARTIARTL,19.0
2024-01-18 05:30:00,M&M,11.18
2024-01-18 05:30:00,TRENT,43.41
2024-01-19 05:30:00,BAJAJ-AUTO,33.53
2024-01-19 05:30:00,BEL,44.9
2024-01-19 05:30:00,BHARTIARTL,23.16
2024-01-19 05:30:00,M&M,13.81
2024-01-19 05:30:00,TRENT,46.07
2024-01-20 05:30:00,BAJAJ-AUTO,32.76
2024-01-20 05:30:00,BEL,46.07
2024-01-20 05:30:00,BHARTIARTL,23.02
2024-01-20 05:30:00,M&M,11.53
2024-01-20 05:30:00,TRENT,45.27
2024-01-23 05:30:00,BAJAJ-AUTO,32.77
2024-01-23 05:30:00,BEL,41.31
2024-01-23 05:30:00,BHARTIARTL,26.77
2024-01-23 05:30:00,M&M,9.67
2024-01-23 05:30:00,TRENT,43.98
2024-01-24 05:30:00,BAJAJ-AUTO,34.96
2024-01-24 05:30:00,BEL,42.94
2024-01-24 05:30:00,BHARTIARTL,30.27
2024-01-24 05:30:00,M&M,11.93
2024-01-24 05:30:00,TRENT,46.65
2024-01-25 05:30:00,BAJAJ-AUTO,42.16
2024-01-25 05:30:00,BEL,43.28
2024-01-25 05:30:00,BHARTIARTL,27.05
2024-01-25 05:30:00,M&M,12.44
2024-01-25 05:30:00,TRENT,47.06
2024-01-29 05:30:00,BAJAJ-AUTO,41.25
2024-01-29 05:30:00,BEL,44.18
2024-01-29 05:30:00,BHARTIARTL,27.23
2024-01-29 05:30:00,M&M,12.75
2024-01-29 05:30:00,TRENT,47.72
2024-01-30 05:30:00,BAJAJ-AUTO,41.58
2024-01-30 05:30:00,BEL,41.92
2024-01-30 05:30:00,BHARTIARTL,26.84
2024-01-30 05:30:00,M&M,11.39
2024-01-30 05:30:00,TRENT,39.01
2024-01-31 05:30:00,BAJAJ-AUTO,43.47
2024-01-31 05:30:00,BEL,40.41
2024-01-31 05:30:00,BHARTIARTL,28.16
2024-01-31 05:30:00,M&M,13.54
2024-01-31 05:30:00,TRENT,40.47
2024-02-01 05:30:00,BAJAJ-AUTO,43.25
2024-02-01 05:30:00,BEL,38.52
2024-02-01 05:30:00,BHARTIARTL,26.03
2024-02-01 05:30:00,M&M,13.51
2024-02-01 05:30:00,TRENT,41.19
2024-02-02 05:30:00,BAJAJ-AUTO,44.79
2024-02-02 05:30:00,BEL,39.43
2024-02-02 05:30:00,BHARTIARTL,25.98
2024-02-02 05:30:00,M&M,14.17
2024-02-02 05:30:00,TRENT,42.25
2024-02-05 05:30:00,BAJAJ-AUTO,43.3
2024-02-05 05:30:00,BEL,37.12
2024-02-05 05:30:00,BHARTIARTL,21.91
2024-02-05 05:30:00,M&M,17.11
2024-02-05 05:30:00,TRENT,37.74
2024-02-06 05:30:00,BAJAJ-AUTO,44.46
2024-02-06 05:30:00,BEL,38.29
2024-02-06 05:30:00,BHARTIARTL,24.15
2024-02-06 05:30:00,M&M,18.77
2024-02-06 05:30:00,TRENT,38.1
2024-02-07 05:30:00,BAJAJ-AUTO,44.11
2024-02-07 05:30:00,BEL,37.24
2024-02-07 05:30:00,BHARTIARTL,24.18
2024-02-07 05:30:00,M&M,18.31
2024-02-07 05:30:00,TRENT,64.15
2024-02-08 05:30:00,BAJAJ-AUTO,45.15
2024-02-08 05:30:00,BEL,39.58
2024-02-08 05:30:00,BHARTIARTL,25.04
2024-02-08 05:30:00,M&M,15.9
2024-02-08 05:30:00,TRENT,74.82
2024-02-09 05:30:00,BAJAJ-AUTO,45.67
2024-02-09 05:30:00,BEL,36.44
2024-02-09 05:30:00,BHARTIARTL,22.64
2024-02-09 05:30:00,M&M,13.19
2024-02-09 05:30:00,TRENT,71.07
2024-02-12 05:30:00,BAJAJ-AUTO,46.51
2024-02-12 05:30:00,BEL,31.91
2024-02-12 05:30:00,BHARTIARTL,22.47
2024-02-12 05:30:00,M&M,14.15
2024-02-12 05:30:00,TRENT,73.01
2024-02-13 05:30:00,BAJAJ-AUTO,48.15
2024-02-13 05:30:00,BEL,33.38
2024-02-13 05:30:00,BHARTIARTL,22.38
2024-02-13 05:30:00,M&M,13.21
2024-02-13 05:30:00,TRENT,75.24
2024-02-14 05:30:00,BAJAJ-AUTO,51.25
2024-02-14 05:30:00,BEL,37.16
2024-02-14 05:30:00,BHARTIARTL,22.16
2024-02-14 05:30:00,M&M,13.92
2024-02-14 05:30:00,TRENT,78.42
2024-02-15 05:30:00,BAJAJ-AUTO,51.99
2024-02-15 05:30:00,BEL,40.45
2024-02-15 05:30:00,BHARTIARTL,22.69
2024-02-15 05:30:00,M&M,21.34
2024-02-15 05:30:00,TRENT,79.86
2024-02-16 05:30:00,BAJAJ-AUTO,55.77
2024-02-16 05:30:00,BEL,42.22
2024-02-16 05:30:00,BHARTIARTL,22.61
2024-02-16 05:30:00,M&M,26.19
2024-02-16 05:30:00,TRENT,83.13
2024-02-19 05:30:00,BAJAJ-AUTO,59.23
2024-02-19 05:30:00,BEL,42.56
2024-02-19 05:30:00,BHARTIARTL,25.04
2024-02-19 05:30:00,M&M,27.08
2024-02-19 05:30:00,TRENT,84.16
2024-02-20 05:30:00,BAJAJ-AUTO,55.21
2024-02-20 05:30:00,BEL,44.0
2024-02-20 05:30:00,BHARTIARTL,25.23
2024-02-20 05:30:00,M&M,27.43
2024-02-20 05:30:00,TRENT,83.19
2024-02-21 05:30:00,BAJAJ-AUTO,54.04
2024-02-21 05:30:00,BEL,42.52
2024-02-21 05:30:00,BHARTIARTL,24.79
2024-02-21 05:30:00,M&M,27.85
2024-02-21 05:30:00,TRENT,77.22
2024-02-22 05:30:00,BAJAJ-AUTO,59.02
2024-02-22 05:30:00,BEL,47.09
2024-02-22 05:30:00,BHARTIARTL,24.31
2024-02-22 05:30:00,M&M,31.33
2024-02-22 05:30:00,TRENT,79.92
2024-02-23 05:30:00,BAJAJ-AUTO,57.87
2024-02-23 05:30:00,BEL,55.06
2024-02-23 05:30:00,BHARTIARTL,23.24
2024-02-23 05:30:00,M&M,32.68
2024-02-23 05:30:00,TRENT,76.82
2024-02-26 05:30:00,BAJAJ-AUTO,58.07
2024-02-26 05:30:00,BEL,54.27
2024-02-26 05:30:00,BHARTIARTL,21.52
2024-02-26 05:30:00,M&M,32.67
2024-02-26 05:30:00,TRENT,74.94
2024-02-27 05:30:00,BAJAJ-AUTO,58.36
2024-02-27 05:30:00,BEL,55.1
2024-02-27 05:30:00,BHARTIARTL,23.43
2024-02-27 05:30:00,M&M,34.1
2024-02-27 05:30:00,TRENT,79.17
2024-02-28 05:30:00,BAJAJ-AUTO,53.22
2024-02-28 05:30:00,BEL,55.32
2024-02-28 05:30:00,BHARTIARTL,23.57
2024-02-28 05:30:00,M&M,30.73
2024-02-28 05:30:00,TRENT,78.59
2024-02-29 05:30:00,BAJAJ-AUTO,47.99
2024-02-29 05:30:00,BEL,54.91
2024-02-29 05:30:00,BHARTIARTL,22.98
2024-02-29 05:30:00,M&M,32.85
2024-02-29 05:30:00,TRENT,76.63
2024-03-01 05:30:00,BAJAJ-AUTO,50.44
2024-03-01 05:30:00,BEL,55.29
2024-03-01 05:30:00,BHARTIARTL,23.56
2024-03-01 05:30:00,M&M,35.64
2024-03-01 05:30:00,TRENT,77.52
2024-03-02 05:30:00,BAJAJ-AUTO,50.46
2024-03-02 05:30:00,BEL,56.16
2024-03-02 05:30:00,BHARTIARTL,23.83
2024-03-02 05:30:00,M&M,34.75
2024-03-02 05:30:00,TRENT,77.9
2024-03-04 05:30:00,BAJAJ-AUTO,53.57
2024-03-04 05:30:00,BEL,58.31
2024-03-04 05:30:00,BHARTIARTL,24.09
2024-03-04 05:30:00,M&M,32.07
2024-03-04 05:30:00,TRENT,78.36
2024-03-05 05:30:00,BAJAJ-AUTO,56.27
2024-03-05 05:30:00,BEL,59.18
2024-03-05 05:30:00,BHARTIARTL,27.97
2024-03-05 05:30:00,M&M,33.32
2024-03-05 05:30:00,TRENT,75.29
2024-03-06 05:30:00,BAJAJ-AUTO,61.03
2024-03-06 05:30:00,BEL,58.95
2024-03-06 05:30:00,BHARTIARTL,30.68
2024-03-06 05:30:00,M&M,35.48
2024-03-06 05:30:00,TRENT,76.19
2024-03-07 05:30:00,BAJAJ-AUTO,66.14
2024-03-07 05:30:00,BEL,62.54
2024-03-07 05:30:00,BHARTIARTL,31.34
2024-03-07 05:30:00,M&M,30.45
2024-03-07 05:30:00,TRENT,79.84
2024-03-11 05:30:00,BAJAJ-AUTO,62.03
2024-03-11 05:30:00,BEL,60.54
2024-03-11 05:30:00,BHARTIARTL,31.0
2024-03-11 05:30:00,M&M,30.23
2024-03-11 05:30:00,TRENT,82.23
2024-03-12 05:30:00,BAJAJ-AUTO,59.56
2024-03-12 05:30:00,BEL,54.27
2024-03-12 05:30:00,BHARTIARTL,31.84
2024-03-12 05:30:00,M&M,30.29
2024-03-12 05:30:00,TRENT,82.4
2024-03-13 05:30:00,BAJAJ-AUTO,56.89
2024-03-13 05:30:00,BEL,43.73
2024-03-13 05:30:00,BHARTIARTL,27.95
2024-03-13 05:30:00,M&M,27.44
2024-03-13 05:30:00,TRENT,79.47
2024-03-14 05:30:00,BAJAJ-AUTO,56.87
2024-03-14 05:30:00,BEL,47.47
2024-03-14 05:30:00,BHARTIARTL,30.78
2024-03-14 05:30:00,M&M,29.97
2024-03-14 05:30:00,TRENT,85.7
2024-03-15 05:30:00,BAJAJ-AUTO,56.25
2024-03-15 05:30:00,BEL,42.64
2024-03-15 05:30:00,BHARTIARTL,33.56
2024-03-15 05:30:00,M&M,23.71
2024-03-15 05:30:00,TRENT,84.92
2024-03-18 05:30:00,BAJAJ-AUTO,59.45
2024-03-18 05:30:00,BEL,43.43
2024-03-18 05:30:00,BHARTIARTL,34.14
2024-03-18 05:30:00,M&M,27.6
2024-03-18 05:30:00,TRENT,85.25
2024-03-19 05:30:00,BAJAJ-AUTO,61.67
2024-03-19 05:30:00,BEL,40.03
2024-03-19 05:30:00,BHARTIARTL,34.47
2024-03-19 05:30:00,M&M,26.76
2024-03-19 05:30:00,TRENT,79.99
2024-03-20 05:30:00,BAJAJ-AUTO,61.58
2024-03-20 05:30:00,BEL,41.58
2024-03-20 05:30:00,BHARTIARTL,34.85
2024-03-20 05:30:00,M&M,26.8
2024-03-20 05:30:00,TRENT,80.42
2024-03-21 05:30:00,BAJAJ-AUTO,63.74
2024-03-21 05:30:00,BEL,48.68
2024-03-21 05:30:00,BHARTIARTL,33.65
2024-03-21 05:30:00,M&M,28.27
2024-03-21 05:30:00,TRENT,82.1
2024-03-22 05:30:00,BAJAJ-AUTO,67.38
2024-03-22 05:30:00,BEL,49.17
2024-03-22 05:30:00,BHARTIARTL,35.32
2024-03-22 05:30:00,M&M,29.16
2024-03-22 05:30:00,TRENT,79.67
2024-03-26 05:30:00,BAJAJ-AUTO,67.66
2024-03-26 05:30:00,BEL,50.6
2024-03-26 05:30:00,BHARTIARTL,32.8
2024-03-26 05:30:00,M&M,28.14
2024-03-26 05:30:00,TRENT,76.63
2024-03-27 05:30:00,BAJAJ-AUTO,71.44
2024-03-27 05:30:00,BEL,50.64
2024-03-27 05:30:00,BHARTIARTL,34.09
2024-03-27 05:30:00,M&M,29.32
2024-03-27 05:30:00,TRENT,76.33
2024-03-28 05:30:00,BAJAJ-AUTO,71.17
2024-03-28 05:30:00,BEL,52.19
2024-03-28 05:30:00,BHARTIARTL,34.5
2024-03-28 05:30:00,M&M,32.09
2024-03-28 05:30:00,TRENT,79.65
2024-04-01 05:30:00,BAJAJ-AUTO,69.19
2024-04-01 05:30:00,BEL,59.44
2024-04-01 05:30:00,BHARTIARTL,33.27
2024-04-01 05:30:00,M&M,31.72
2024-04-01 05:30:00,TRENT,76.86
2024-04-02 05:30:00,BAJAJ-AUTO,73.57
2024-04-02 05:30:00,BEL,66.92
2024-04-02 05:30:00,BHARTIARTL,32.27
2024-04-02 05:30:00,M&M,35.57
2024-04-02 05:30:00,TRENT,77.09
2024-04-03 05:30:00,BAJAJ-AUTO,69.91
2024-04-03 05:30:00,BEL,67.3
2024-04-03 05:30:00,BHARTIARTL,34.18
2024-04-03 05:30:00,M&M,36.76
2024-04-03 05:30:00,TRENT,78.5
2024-04-04 05:30:00,BAJAJ-AUTO,71.14
2024-04-04 05:30:00,BEL,66.39
2024-04-04 05:30:00,BHARTIARTL,32.12
2024-04-04 05:30:00,M&M,37.68
2024-04-04 05:30:00,TRENT,82.16
2024-04-05 05:30:00,BAJAJ-AUTO,68.58
2024-04-05 05:30:00,BEL,69.56
2024-04-05 05:30:00,BHARTIARTL,30.38
2024-04-05 05:30:00,M&M,38.41
2024-04-05 05:30:00,TRENT,78.95
2024-04-08 05:30:00,BAJAJ-AUTO,68.97
2024-04-08 05:30:00,BEL,68.84
2024-04-08 05:30:00,BHARTIARTL,31.88
2024-04-08 05:30:00,M&M,42.86
2024-04-08 05:30:00,TRENT,78.91
2024-04-09 05:30:00,BAJAJ-AUTO,68.01
2024-04-09 05:30:00,BEL,72.32
2024-04-09 05:30:00,BHARTIARTL,31.86
2024-04-09 05:30:00,M&M,43.74
2024-04-09 05:30:00,TRENT,77.57
2024-04-10 05:30:00,BAJAJ-AUTO,68.51
2024-04-10 05:30:00,BEL,72.77
2024-04-10 05:30:00,BHARTIARTL,34.59
2024-04-10 05:30:00,M&M,42.73
2024-04-10 05:30:00,TRENT,82.97
2024-04-12 05:30:00,BAJAJ-AUTO,69.62
2024-04-12 05:30:00,BEL,76.36
2024-04-12 05:30:00,BHARTIARTL,34.17
2024-04-12 05:30:00,M&M,42.37
2024-04-12 05:30:00,TRENT,84.46
2024-04-15 05:30:00,BAJAJ-AUTO,68.35
2024-04-15 05:30:00,BEL,77.08
2024-04-15 05:30:00,BHARTIARTL,34.06
2024-04-15 05:30:00,M&M,41.17
2024-04-15 05:30:00,TRENT,80.61
2024-04-16 05:30:00,BAJAJ-AUTO,66.89
2024-04-16 05:30:00,BEL,76.32
2024-04-16 05:30:00,BHARTIARTL,33.17
2024-04-16 05:30:00,M&M,39.65
2024-04-16 05:30:00,TRENT,81.48
2024-04-18 05:30:00,BAJAJ-AUTO,68.8
2024-04-18 05:30:00,BEL,74.58
2024-04-18 05:30:00,BHARTIARTL,38.57
2024-04-18 05:30:00,M&M,39.21
2024-04-18 05:30:00,TRENT,85.98
2024-04-19 05:30:00,BAJAJ-AUTO,64.74
2024-04-19 05:30:00,BEL,76.21
2024-04-19 05:30:00,BHARTIARTL,41.11
2024-04-19 05:30:00,M&M,43.19
2024-04-19 05:30:00,TRENT,89.25
2024-04-22 05:30:00,BAJAJ-AUTO,64.58
2024-04-22 05:30:00,BEL,76.21
2024-04-22 05:30:00,BHARTIARTL,42.05
2024-04-22 05:30:00,M&M,43.73
2024-04-22 05:30:00,TRENT,89.68
2024-04-23 05:30:00,BAJAJ-AUTO,64.58
2024-04-23 05:30:00,BEL,77.0
2024-04-23 05:30:00,BHARTIARTL,46.95
2024-04-23 05:30:00,M&M,41.8
2024-04-23 05:30:00,TRENT,89.22
2024-04-24 05:30:00,BAJAJ-AUTO,62.73
2024-04-24 05:30:00,BEL,78.63
2024-04-24 05:30:00,BHARTIARTL,46.3
2024-04-24 05:30:00,M&M,41.51
2024-04-24 05:30:00,TRENT,92.1
2024-04-25 05:30:00,BAJAJ-AUTO,63.44
2024-04-25 05:30:00,BEL,79.46
2024-04-25 05:30:00,BHARTIARTL,46.55
2024-04-25 05:30:00,M&M,44.15
2024-04-25 05:30:00,TRENT,96.72
2024-04-26 05:30:00,BAJAJ-AUTO,67.92
2024-04-26 05:30:00,BEL,80.48
2024-04-26 05:30:00,BHARTIARTL,45.16
2024-04-26 05:30:00,M&M,40.58
2024-04-26 05:30:00,TRENT,95.88
2024-04-29 05:30:00,BAJAJ-AUTO,63.91
2024-04-29 05:30:00,BEL,77.79
2024-04-29 05:30:00,BHARTIARTL,45.87
2024-04-29 05:30:00,M&M,41.76
2024-04-29 05:30:00,TRENT,96.31
2024-04-30 05:30:00,BAJAJ-AUTO,66.6
2024-04-30 05:30:00,BEL,76.55
2024-04-30 05:30:00,BHARTIARTL,44.76
2024-04-30 05:30:00,M&M,48.24
2024-04-30 05:30:00,TRENT,100.66
2024-05-02 05:30:00,BAJAJ-AUTO,70.47
2024-05-02 05:30:00,BEL,77.3
2024-05-02 05:30:00,BHARTIARTL,42.76
2024-05-02 05:30:00,M&M,50.22
2024-05-02 05:30:00,TRENT,111.44
2024-05-03 05:30:00,BAJAJ-AUTO,70.38
2024-05-03 05:30:00,BEL,76.81
2024-05-03 05:30:00,BHARTIARTL,39.84
2024-05-03 05:30:00,M&M,50.76
2024-05-03 05:30:00,TRENT,105.84
2024-05-06 05:30:00,BAJAJ-AUTO,69.39
2024-05-06 05:30:00,BEL,75.11
2024-05-06 05:30:00,BHARTIARTL,40.5
2024-05-06 05:30:00,M&M,52.96
2024-05-06 05:30:00,TRENT,105.18
2024-05-07 05:30:00,BAJAJ-AUTO,62.38
2024-05-07 05:30:00,BEL,71.75
2024-05-07 05:30:00,BHARTIARTL,40.8
2024-05-07 05:30:00,M&M,50.66
2024-05-07 05:30:00,TRENT,104.94
2024-05-08 05:30:00,BAJAJ-AUTO,63.71
2024-05-08 05:30:00,BEL,74.92
2024-05-08 05:30:00,BHARTIARTL,41.07
2024-05-08 05:30:00,M&M,50.03
2024-05-08 05:30:00,TRENT,104.7
2024-05-09 05:30:00,BAJAJ-AUTO,65.54
2024-05-09 05:30:00,BEL,70.85
2024-05-09 05:30:00,BHARTIARTL,39.63
2024-05-09 05:30:00,M&M,52.11
2024-05-09 05:30:00,TRENT,100.58
2024-05-10 05:30:00,BAJAJ-AUTO,68.06
2024-05-10 05:30:00,BEL,71.53
2024-05-10 05:30:00,BHARTIARTL,42.44
2024-05-10 05:30:00,M&M,50.77
2024-05-10 05:30:00,TRENT,103.46
2024-05-13 05:30:00,BAJAJ-AUTO,68.26
2024-05-13 05:30:00,BEL,69.75
2024-05-13 05:30:00,BHARTIARTL,40.78
2024-05-13 05:30:00,M&M,50.16
2024-05-13 05:30:00,TRENT,103.2
2024-05-14 05:30:00,BAJAJ-AUTO,69.62
2024-05-14 05:30:00,BEL,74.43
2024-05-14 05:30:00,BHARTIARTL,40.6
2024-05-14 05:30:00,M&M,56.05
2024-05-14 05:30:00,TRENT,106.6
2024-05-15 05:30:00,BAJAJ-AUTO,66.59
2024-05-15 05:30:00,BEL,75.87
2024-05-15 05:30:00,BHARTIARTL,43.4
2024-05-15 05:30:00,M&M,58.28
2024-05-15 05:30:00,TRENT,105.99
2024-05-16 05:30:00,BAJAJ-AUTO,66.0
2024-05-16 05:30:00,BEL,79.68
2024-05-16 05:30:00,BHARTIARTL,47.25
2024-05-16 05:30:00,M&M,63.05
2024-05-16 05:30:00,TRENT,109.16
2024-05-17 05:30:00,BAJAJ-AUTO,64.3
2024-05-17 05:30:00,BEL,87.46
2024-05-17 05:30:00,BHARTIARTL,47.18
2024-05-17 05:30:00,M&M,72.87
2024-05-17 05:30:00,TRENT,110.89
2024-05-18 05:30:00,BAJAJ-AUTO,64.92
2024-05-18 05:30:00,BEL,95.47
2024-05-18 05:30:00,BHARTIARTL,47.55
2024-05-18 05:30:00,M&M,72.12
2024-05-18 05:30:00,TRENT,111.27
2024-05-21 05:30:00,BAJAJ-AUTO,65.05
2024-05-21 05:30:00,BEL,107.06
2024-05-21 05:30:00,BHARTIARTL,47.17
2024-05-21 05:30:00,M&M,73.43
2024-05-21 05:30:00,TRENT,112.38
2024-05-22 05:30:00,BAJAJ-AUTO,64.76
2024-05-22 05:30:00,BEL,114.2
2024-05-22 05:30:00,BHARTIARTL,47.56
2024-05-22 05:30:00,M&M,73.32
2024-05-22 05:30:00,TRENT,111.45
2024-05-23 05:30:00,BAJAJ-AUTO,67.72
2024-05-23 05:30:00,BEL,117.9
2024-05-23 05:30:00,BHARTIARTL,50.42
2024-05-23 05:30:00,M&M,79.38
2024-05-23 05:30:00,TRENT,113.8
2024-05-24 05:30:00,BAJAJ-AUTO,67.43
2024-05-24 05:30:00,BEL,124.47
2024-05-24 05:30:00,BHARTIARTL,52.01
2024-05-24 05:30:00,M&M,77.35
2024-05-24 05:30:00,TRENT,114.57
2024-05-27 05:30:00,BAJAJ-AUTO,68.38
2024-05-27 05:30:00,BEL,122.39
2024-05-27 05:30:00,BHARTIARTL,51.55
2024-05-27 05:30:00,M&M,75.24
2024-05-27 05:30:00,TRENT,113.05
2024-05-28 05:30:00,BAJAJ-AUTO,68.21
2024-05-28 05:30:00,BEL,118.35
2024-05-28 05:30:00,BHARTIARTL,50.1
2024-05-28 05:30:00,M&M,75.5
2024-05-28 05:30:00,TRENT,110.04
2024-05-29 05:30:00,BAJAJ-AUTO,69.72
2024-05-29 05:30:00,BEL,120.66
2024-05-29 05:30:00,BHARTIARTL,50.76
2024-05-29 05:30:00,M&M,74.18
2024-05-29 05:30:00,TRENT,112.59
2024-05-30 05:30:00,BAJAJ-AUTO,67.81
2024-05-30 05:30:00,BEL,119.52
2024-05-30 05:30:00,BHARTIARTL,50.76
2024-05-30 05:30:00,M&M,71.42
2024-05-30 05:30:00,TRENT,111.65
2024-05-31 05:30:00,BAJAJ-AUTO,69.99
2024-05-31 05:30:00,BEL,123.53
2024-05-31 05:30:00,BHARTIARTL,50.28
2024-05-31 05:30:00,M&M,72.3
2024-05-31 05:30:00,TRENT,107.46
2024-06-03 05:30:00,BAJAJ-AUTO,74.68
2024-06-03 05:30:00,BEL,140.67
2024-06-03 05:30:00,BHARTIARTL,52.29
2024-06-03 05:30:00,M&M,81.08
2024-06-03 05:30:00,TRENT,112.14
2024-06-04 05:30:00,BAJAJ-AUTO,73.02
2024-06-04 05:30:00,BEL,93.01
2024-06-04 05:30:00,BHARTIARTL,42.28
2024-06-04 05:30:00,M&M,76.88
2024-06-04 05:30:00,TRENT,106.5
2024-06-05 05:30:00,BAJAJ-AUTO,79.67
2024-06-05 05:30:00,BEL,96.64
2024-06-05 05:30:00,BHARTIARTL,47.17
2024-06-05 05:30:00,M&M,88.43
2024-06-05 05:30:00,TRENT,123.14
2024-06-06 05:30:00,BAJAJ-AUTO,81.53
2024-06-06 05:30:00,BEL,106.68
2024-06-06 05:30:00,BHARTIARTL,50.05
2024-06-06 05:30:00,M&M,85.61
2024-06-06 05:30:00,TRENT,121.98
2024-06-07 05:30:00,BAJAJ-AUTO,81.98
2024-06-07 05:30:00,BEL,113.9
2024-06-07 05:30:00,BHARTIARTL,56.03
2024-06-07 05:30:00,M&M,96.44
2024-06-07 05:30:00,TRENT,125.9
2024-06-10 05:30:00,BAJAJ-AUTO,82.12
2024-06-10 05:30:00,BEL,114.05
2024-06-10 05:30:00,BHARTIARTL,56.12
2024-06-10 05:30:00,M&M,93.01
2024-06-10 05:30:00,TRENT,126.13
2024-06-11 05:30:00,BAJAJ-AUTO,83.61
2024-06-11 05:30:00,BEL,116.16
2024-06-11 05:30:00,BHARTIARTL,56.25
2024-06-11 05:30:00,M&M,94.94
2024-06-11 05:30:00,TRENT,123.27
2024-06-12 05:30:00,BAJAJ-AUTO,85.32
2024-06-12 05:30:00,BEL,119.41
2024-06-12 05:30:00,BHARTIARTL,57.47
2024-06-12 05:30:00,M&M,91.64
2024-06-12 05:30:00,TRENT,128.79
2024-06-13 05:30:00,BAJAJ-AUTO,85.68
2024-06-13 05:30:00,BEL,127.27
2024-06-13 05:30:00,BHARTIARTL,56.08
2024-06-13 05:30:00,M&M,96.73
2024-06-13 05:30:00,TRENT,128.6
2024-06-14 05:30:00,BAJAJ-AUTO,86.4
2024-06-14 05:30:00,BEL,133.84
2024-06-14 05:30:00,BHARTIARTL,56.26
2024-06-14 05:30:00,M&M,101.33
2024-06-14 05:30:00,TRENT,138.69
2024-06-18 05:30:00,BAJAJ-AUTO,85.58
2024-06-18 05:30:00,BEL,140.37
2024-06-18 05:30:00,BHARTIARTL,56.37
2024-06-18 05:30:00,M&M,103.62
2024-06-18 05:30:00,TRENT,143.79
2024-06-19 05:30:00,BAJAJ-AUTO,81.23
2024-06-19 05:30:00,BEL,133.61
2024-06-19 05:30:00,BHARTIARTL,52.43
2024-06-19 05:30:00,M&M,101.69
2024-06-19 05:30:00,TRENT,143.75
2024-06-20 05:30:00,BAJAJ-AUTO,80.23
2024-06-20 05:30:00,BEL,135.57
2024-06-20 05:30:00,BHARTIARTL,51.2
2024-06-20 05:30:00,M&M,97.39
2024-06-20 05:30:00,TRENT,142.86
2024-06-21 05:30:00,BAJAJ-AUTO,79.67
2024-06-21 05:30:00,BEL,130.32
2024-06-21 05:30:00,BHARTIARTL,55.02
2024-06-21 05:30:00,M&M,95.24
2024-06-21 05:30:00,TRENT,139.64
2024-06-24 05:30:00,BAJAJ-AUTO,82.35
2024-06-24 05:30:00,BEL,133.95
2024-06-24 05:30:00,BHARTIARTL,55.43
2024-06-24 05:30:00,M&M,100.45
2024-06-24 05:30:00,TRENT,145.52
2024-06-25 05:30:00,BAJAJ-AUTO,80.75
2024-06-25 05:30:00,BEL,133.91
2024-06-25 05:30:00,BHARTIARTL,54.9
2024-06-25 05:30:00,M&M,100.01
2024-06-25 05:30:00,TRENT,142.93
2024-06-26 05:30:00,BAJAJ-AUTO,77.28
2024-06-26 05:30:00,BEL,131.76
2024-06-26 05:30:00,BHARTIARTL,59.78
2024-06-26 05:30:00,M&M,96.03
2024-06-26 05:30:00,TRENT,144.07
2024-06-27 05:30:00,BAJAJ-AUTO,76.21
2024-06-27 05:30:00,BEL,129.98
2024-06-27 05:30:00,BHARTIARTL,61.56
2024-06-27 05:30:00,M&M,98.61
2024-06-27 05:30:00,TRENT,142.49
2024-06-28 05:30:00,BAJAJ-AUTO,77.79
2024-06-28 05:30:00,BEL,131.04
2024-06-28 05:30:00,BHARTIARTL,58.09
2024-06-28 05:30:00,M&M,97.07
2024-06-28 05:30:00,TRENT,149.35
2024-07-01 05:30:00,BAJAJ-AUTO,78.36
2024-07-01 05:30:00,BEL,132.36
2024-07-01 05:30:00,BHARTIARTL,59.18
2024-07-01 05:30:00,M&M,97.71
2024-07-01 05:30:00,TRENT,150.98
2024-07-02 05:30:00,BAJAJ-AUTO,75.91
2024-07-02 05:30:00,BEL,131.19
2024-07-02 05:30:00,BHARTIARTL,55.34
2024-07-02 05:30:00,M&M,96.97
2024-07-02 05:30:00,TRENT,151.9
2024-07-03 05:30:00,BAJAJ-AUTO,76.31
2024-07-03 05:30:00,BEL,137.54
2024-07-03 05:30:00,BHARTIARTL,55.44
2024-07-03 05:30:00,M&M,97.85
2024-07-03 05:30:00,TRENT,150.0
2024-07-04 05:30:00,BAJAJ-AUTO,77.03
2024-07-04 05:30:00,BEL,139.69
2024-07-04 05:30:00,BHARTIARTL,55.79
2024-07-04 05:30:00,M&M,99.56
2024-07-04 05:30:00,TRENT,154.7
2024-07-05 05:30:00,BAJAJ-AUTO,80.3
2024-07-05 05:30:00,BEL,144.75
2024-07-05 05:30:00,BHARTIARTL,56.52
2024-07-05 05:30:00,M&M,98.03
2024-07-05 05:30:00,TRENT,155.72
2024-07-08 05:30:00,BAJAJ-AUTO,78.31
2024-07-08 05:30:00,BEL,152.72
2024-07-08 05:30:00,BHARTIARTL,57.11
2024-07-08 05:30:00,M&M,96.02
2024-07-08 05:30:00,TRENT,154.56
2024-07-09 05:30:00,BAJAJ-AUTO,78.4
2024-07-09 05:30:00,BEL,152.87
2024-07-09 05:30:00,BHARTIARTL,57.16
2024-07-09 05:30:00,M&M,101.12
2024-07-09 05:30:00,TRENT,154.49
2024-07-10 05:30:00,BAJAJ-AUTO,78.55
2024-07-10 05:30:00,BEL,152.15
2024-07-10 05:30:00,BHARTIARTL,58.2
2024-07-10 05:30:00,M&M,87.82
2024-07-10 05:30:00,TRENT,153.36
2024-07-11 05:30:00,BAJAJ-AUTO,77.14
2024-07-11 05:30:00,BEL,153.4
2024-07-11 05:30:00,BHARTIARTL,57.42
2024-07-11 05:30:00,M&M,85.48
2024-07-11 05:30:00,TRENT,156.42
2024-07-12 05:30:00,BAJAJ-AUTO,76.46
2024-07-12 05:30:00,BEL,151.59
2024-07-12 05:30:00,BHARTIARTL,56.91
2024-07-12 05:30:00,M&M,85.89
2024-07-12 05:30:00,TRENT,157.15
2024-07-15 05:30:00,BAJAJ-AUTO,81.0
2024-07-15 05:30:00,BEL,150.3
2024-07-15 05:30:00,BHARTIARTL,57.38
2024-07-15 05:30:00,M&M,87.75
2024-07-15 05:30:00,TRENT,158.26
2024-07-16 05:30:00,BAJAJ-AUTO,81.84
2024-07-16 05:30:00,BEL,146.34
2024-07-16 05:30:00,BHARTIARTL,60.55
2024-07-16 05:30:00,M&M,89.52
2024-07-16 05:30:00,TRENT,156.97
2024-07-18 05:30:00,BAJAJ-AUTO,80.12
2024-07-18 05:30:00,BEL,136.82
2024-07-18 05:30:00,BHARTIARTL,62.42
2024-07-18 05:30:00,M&M,93.83
2024-07-18 05:30:00,TRENT,141.55
2024-07-19 05:30:00,BAJAJ-AUTO,75.63
2024-07-19 05:30:00,BEL,131.34
2024-07-19 05:30:00,BHARTIARTL,60.03
2024-07-19 05:30:00,M&M,89.01
2024-07-19 05:30:00,TRENT,135.09
2024-07-22 05:30:00,BAJAJ-AUTO,76.07
2024-07-22 05:30:00,BEL,135.88
2024-07-22 05:30:00,BHARTIARTL,60.42
2024-07-22 05:30:00,M&M,92.82
2024-07-22 05:30:00,TRENT,137.08
2024-07-23 05:30:00,BAJAJ-AUTO,75.56
2024-07-23 05:30:00,BEL,127.68
2024-07-23 05:30:00,BHARTIARTL,60.46
2024-07-23 05:30:00,M&M,93.96
2024-07-23 05:30:00,TRENT,139.52
2024-07-24 05:30:00,BAJAJ-AUTO,73.27
2024-07-24 05:30:00,BEL,126.66
2024-07-24 05:30:00,BHARTIARTL,59.31
2024-07-24 05:30:00,M&M,92.87
2024-07-24 05:30:00,TRENT,140.57
2024-07-25 05:30:00,BAJAJ-AUTO,73.61
2024-07-25 05:30:00,BEL,127.68
2024-07-25 05:30:00,BHARTIARTL,58.65
2024-07-25 05:30:00,M&M,93.28
2024-07-25 05:30:00,TRENT,141.62
2024-07-26 05:30:00,BAJAJ-AUTO,77.62
2024-07-26 05:30:00,BEL,134.06
2024-07-26 05:30:00,BHARTIARTL,65.79
2024-07-26 05:30:00,M&M,98.53
2024-07-26 05:30:00,TRENT,145.41
2024-07-29 05:30:00,BAJAJ-AUTO,78.84
2024-07-29 05:30:00,BEL,142.71
2024-07-29 05:30:00,BHARTIARTL,62.17
2024-07-29 05:30:00,M&M,101.64
2024-07-29 05:30:00,TRENT,151.06
2024-07-30 05:30:00,BAJAJ-AUTO,78.96
2024-07-30 05:30:00,BEL,140.26
2024-07-30 05:30:00,BHARTIARTL,60.97
2024-07-30 05:30:00,M&M,100.89
2024-07-30 05:30:00,TRENT,155.75
2024-07-31 05:30:00,BAJAJ-AUTO,80.83
2024-07-31 05:30:00,BEL,138.71
2024-07-31 05:30:00,BHARTIARTL,63.29
2024-07-31 05:30:00,M&M,99.9
2024-07-31 05:30:00,TRENT,165.69
2024-08-01 05:30:00,BAJAJ-AUTO,82.07
2024-08-01 05:30:00,BEL,135.01
2024-08-01 05:30:00,BHARTIARTL,64.81
2024-08-01 05:30:00,M&M,94.45
2024-08-01 05:30:00,TRENT,162.59
2024-08-02 05:30:00,BAJAJ-AUTO,79.93
2024-08-02 05:30:00,BEL,128.81
2024-08-02 05:30:00,BHARTIARTL,63.53
2024-08-02 05:30:00,M&M,89.03
2024-08-02 05:30:00,TRENT,152.01
2024-08-05 05:30:00,BAJAJ-AUTO,77.48
2024-08-05 05:30:00,BEL,119.22
2024-08-05 05:30:00,BHARTIARTL,60.46
2024-08-05 05:30:00,M&M,84.17
2024-08-05 05:30:00,TRENT,143.3
2024-08-06 05:30:00,BAJAJ-AUTO,76.4
2024-08-06 05:30:00,BEL,116.96
2024-08-06 05:30:00,BHARTIARTL,58.03
2024-08-06 05:30:00,M&M,81.01
2024-08-06 05:30:00,TRENT,137.56
2024-08-07 05:30:00,BAJAJ-AUTO,81.65
2024-08-07 05:30:00,BEL,126.74
2024-08-07 05:30:00,BHARTIARTL,57.84
2024-08-07 05:30:00,M&M,84.3
2024-08-07 05:30:00,TRENT,149.01
2024-08-08 05:30:00,BAJAJ-AUTO,80.4
2024-08-08 05:30:00,BEL,125.26
2024-08-08 05:30:00,BHARTIARTL,58.94
2024-08-08 05:30:00,M&M,84.45
2024-08-08 05:30:00,TRENT,156.82
2024-08-09 05:30:00,BAJAJ-AUTO,82.73
2024-08-09 05:30:00,BEL,128.25
2024-08-09 05:30:00,BHARTIARTL,60.28
2024-08-09 05:30:00,M&M,89.0
2024-08-09 05:30:00,TRENT,185.55
2024-08-12 05:30:00,BAJAJ-AUTO,81.7
2024-08-12 05:30:00,BEL,127.64
2024-08-12 05:30:00,BHARTIARTL,59.68
2024-08-12 05:30:00,M&M,86.83
2024-08-12 05:30:00,TRENT,190.42
2024-08-13 05:30:00,BAJAJ-AUTO,80.97
2024-08-13 05:30:00,BEL,123.68
2024-08-13 05:30:00,BHARTIARTL,59.8
2024-08-13 05:30:00,M&M,86.86
2024-08-13 05:30:00,TRENT,190.39
2024-08-14 05:30:00,BAJAJ-AUTO,82.43
2024-08-14 05:30:00,BEL,121.83
2024-08-14 05:30:00,BHARTIARTL,61.11
2024-08-14 05:30:00,M&M,88.73
2024-08-14 05:30:00,TRENT,192.97
2024-08-16 05:30:00,BAJAJ-AUTO,85.02
2024-08-16 05:30:00,BEL,129.08
2024-08-16 05:30:00,BHARTIARTL,62.41
2024-08-16 05:30:00,M&M,95.27
2024-08-16 05:30:00,TRENT,195.88
2024-08-19 05:30:00,BAJAJ-AUTO,82.82
2024-08-19 05:30:00,BEL,128.21
2024-08-19 05:30:00,BHARTIARTL,60.89
2024-08-19 05:30:00,M&M,90.1
2024-08-19 05:30:00,TRENT,204.41
2024-08-20 05:30:00,BAJAJ-AUTO,82.99
2024-08-20 05:30:00,BEL,128.97
2024-08-20 05:30:00,BHARTIARTL,58.65
2024-08-20 05:30:00,M&M,90.52
2024-08-20 05:30:00,TRENT,209.14
2024-08-21 05:30:00,BAJAJ-AUTO,84.34
2024-08-21 05:30:00,BEL,130.66
2024-08-21 05:30:00,BHARTIARTL,60.21
2024-08-21 05:30:00,M&M,90.39
2024-08-21 05:30:00,TRENT,208.66
2024-08-22 05:30:00,BAJAJ-AUTO,85.51
2024-08-22 05:30:00,BEL,129.98
2024-08-22 05:30:00,BHARTIARTL,62.72
2024-08-22 05:30:00,M&M,87.88
2024-08-22 05:30:00,TRENT,218.06
2024-08-23 05:30:00,BAJAJ-AUTO,94.72
2024-08-23 05:30:00,BEL,131.12
2024-08-23 05:30:00,BHARTIARTL,64.95
2024-08-23 05:30:00,M&M,89.67
2024-08-23 05:30:00,TRENT,216.19
2024-08-26 05:30:00,BAJAJ-AUTO,95.21
2024-08-26 05:30:00,BEL,131.65
2024-08-26 05:30:00,BHARTIARTL,65.7
2024-08-26 05:30:00,M&M,92.02
2024-08-26 05:30:00,TRENT,215.14
2024-08-27 05:30:00,BAJAJ-AUTO,96.5
2024-08-27 05:30:00,BEL,127.27
2024-08-27 05:30:00,BHARTIARTL,66.7
2024-08-27 05:30:00,M&M,91.17
2024-08-27 05:30:00,TRENT,212.6
2024-08-28 05:30:00,BAJAJ-AUTO,99.4
2024-08-28 05:30:00,BEL,126.55
2024-08-28 05:30:00,BHARTIARTL,70.38
2024-08-28 05:30:00,M&M,92.36
2024-08-28 05:30:00,TRENT,229.54
2024-08-29 05:30:00,BAJAJ-AUTO,102.23
2024-08-29 05:30:00,BEL,123.72
2024-08-29 05:30:00,BHARTIARTL,71.43
2024-08-29 05:30:00,M&M,89.58
2024-08-29 05:30:00,TRENT,226.29
2024-08-30 05:30:00,BAJAJ-AUTO,103.8
2024-08-30 05:30:00,BEL,126.06
2024-08-30 05:30:00,BHARTIARTL,73.96
2024-08-30 05:30:00,M&M,92.86
2024-08-30 05:30:00,TRENT,225.75
2024-09-02 05:30:00,BAJAJ-AUTO,108.18
2024-09-02 05:30:00,BEL,124.24
2024-09-02 05:30:00,BHARTIARTL,72.02
2024-09-02 05:30:00,M&M,90.91
2024-09-02 05:30:00,TRENT,225.27
2024-09-03 05:30:00,BAJAJ-AUTO,106.64
2024-09-03 05:30:00,BEL,124.43
2024-09-03 05:30:00,BHARTIARTL,70.85
2024-09-03 05:30:00,M&M,91.45
2024-09-03 05:30:00,TRENT,220.47
2024-09-04 05:30:00,BAJAJ-AUTO,105.15
2024-09-04 05:30:00,BEL,125.79
2024-09-04 05:30:00,BHARTIARTL,70.99
2024-09-04 05:30:00,M&M,89.03
2024-09-04 05:30:00,TRENT,224.89
2024-09-05 05:30:00,BAJAJ-AUTO,103.13
2024-09-05 05:30:00,BEL,119.49
2024-09-05 05:30:00,BHARTIARTL,69.38
2024-09-05 05:30:00,M&M,87.21
2024-09-05 05:30:00,TRENT,226.15
2024-09-06 05:30:00,BAJAJ-AUTO,102.65
2024-09-06 05:30:00,BEL,114.2
2024-09-06 05:30:00,BHARTIARTL,68.51
2024-09-06 05:30:00,M&M,85.49
2024-09-06 05:30:00,TRENT,223.23
2024-09-09 05:30:00,BAJAJ-AUTO,102.97
2024-09-09 05:30:00,BEL,112.65
2024-09-09 05:30:00,BHARTIARTL,68.88
2024-09-09 05:30:00,M&M,86.23
2024-09-09 05:30:00,TRENT,224.74
2024-09-10 05:30:00,BAJAJ-AUTO,105.6
2024-09-10 05:30:00,BEL,115.82
2024-09-10 05:30:00,BHARTIARTL,72.74
2024-09-10 05:30:00,M&M,84.93
2024-09-10 05:30:00,TRENT,224.8
2024-09-11 05:30:00,BAJAJ-AUTO,113.7
2024-09-11 05:30:00,BEL,117.56
2024-09-11 05:30:00,BHARTIARTL,72.73
2024-09-11 05:30:00,M&M,82.47
2024-09-11 05:30:00,TRENT,225.3
2024-09-12 05:30:00,BAJAJ-AUTO,119.36
2024-09-12 05:30:00,BEL,120.32
2024-09-12 05:30:00,BHARTIARTL,80.28
2024-09-12 05:30:00,M&M,88.43
2024-09-12 05:30:00,TRENT,228.1
2024-09-13 05:30:00,BAJAJ-AUTO,119.62
2024-09-13 05:30:00,BEL,119.0
2024-09-13 05:30:00,BHARTIARTL,78.93
2024-09-13 05:30:00,M&M,88.31
2024-09-13 05:30:00,TRENT,229.13
2024-09-16 05:30:00,BAJAJ-AUTO,118.7
2024-09-16 05:30:00,BEL,119.34
2024-09-16 05:30:00,BHARTIARTL,79.04
2024-09-16 05:30:00,M&M,89.56
2024-09-16 05:30:00,TRENT,233.03
2024-09-17 05:30:00,BAJAJ-AUTO,123.61
2024-09-17 05:30:00,BEL,114.73
2024-09-17 05:30:00,BHARTIARTL,81.92
2024-09-17 05:30:00,M&M,91.64
2024-09-17 05:30:00,TRENT,236.88
2024-09-18 05:30:00,BAJAJ-AUTO,120.13
2024-09-18 05:30:00,BEL,113.63
2024-09-18 05:30:00,BHARTIARTL,81.17
2024-09-18 05:30:00,M&M,93.06
2024-09-18 05:30:00,TRENT,233.81
2024-09-19 05:30:00,BAJAJ-AUTO,122.07
2024-09-19 05:30:00,BEL,105.97
2024-09-19 05:30:00,BHARTIARTL,82.26
2024-09-19 05:30:00,M&M,92.32
2024-09-19 05:30:00,TRENT,233.36
2024-09-20 05:30:00,BAJAJ-AUTO,123.45
2024-09-20 05:30:00,BEL,109.48
2024-09-20 05:30:00,BHARTIARTL,87.39
2024-09-20 05:30:00,M&M,102.86
2024-09-20 05:30:00,TRENT,239.69
2024-09-23 05:30:00,BAJAJ-AUTO,130.88
2024-09-23 05:30:00,BEL,116.24
2024-09-23 05:30:00,BHARTIARTL,91.63
2024-09-23 05:30:00,M&M,109.67
2024-09-23 05:30:00,TRENT,246.89
2024-09-24 05:30:00,BAJAJ-AUTO,132.84
2024-09-24 05:30:00,BEL,120.39
2024-09-24 05:30:00,BHARTIARTL,92.31
2024-09-24 05:30:00,M&M,111.35
2024-09-24 05:30:00,TRENT,246.8
2024-09-25 05:30:00,BAJAJ-AUTO,131.97
2024-09-25 05:30:00,BEL,118.92
2024-09-25 05:30:00,BHARTIARTL,92.72
2024-09-25 05:30:00,M&M,112.5
2024-09-25 05:30:00,TRENT,246.5
2024-09-26 05:30:00,BAJAJ-AUTO,136.17
2024-09-26 05:30:00,BEL,119.41
2024-09-26 05:30:00,BHARTIARTL,93.89
2024-09-26 05:30:00,M&M,118.69
2024-09-26 05:30:00,TRENT,256.99
2024-09-27 05:30:00,BAJAJ-AUTO,137.01
2024-09-27 05:30:00,BEL,121.64
2024-09-27 05:30:00,BHARTIARTL,89.9
2024-09-27 05:30:00,M&M,118.87
2024-09-27 05:30:00,TRENT,256.46
2024-09-30 05:30:00,BAJAJ-AUTO,131.01
2024-09-30 05:30:00,BEL,115.33
2024-09-30 05:30:00,BHARTIARTL,87.15
2024-09-30 05:30:00,M&M,112.77
2024-09-30 05:30:00,TRENT,244.67
2024-10-01 05:30:00,BAJAJ-AUTO,127.48
2024-10-01 05:30:00,BEL,114.46
2024-10-01 05:30:00,BHARTIARTL,85.97
2024-10-01 05:30:00,M&M,117.62
2024-10-01 05:30:00,TRENT,246.4
2024-10-03 05:30:00,BAJAJ-AUTO,120.91
2024-10-03 05:30:00,BEL,110.5
2024-10-03 05:30:00,BHARTIARTL,83.2
2024-10-03 05:30:00,M&M,115.17
2024-10-03 05:30:00,TRENT,240.72
2024-10-04 05:30:00,BAJAJ-AUTO,120.31
2024-10-04 05:30:00,BEL,109.37
2024-10-04 05:30:00,BHARTIARTL,79.64
2024-10-04 05:30:00,M&M,107.44
2024-10-04 05:30:00,TRENT,234.6
2024-10-07 05:30:00,BAJAJ-AUTO,117.37
2024-10-07 05:30:00,BEL,101.93
2024-10-07 05:30:00,BHARTIARTL,81.95
2024-10-07 05:30:00,M&M,110.38
2024-10-07 05:30:00,TRENT,238.98
2024-10-08 05:30:00,BAJAJ-AUTO,122.46
2024-10-08 05:30:00,BEL,111.67
2024-10-08 05:30:00,BHARTIARTL,81.45
2024-10-08 05:30:00,M&M,117.64
2024-10-08 05:30:00,TRENT,265.93
2024-10-09 05:30:00,BAJAJ-AUTO,121.13
2024-10-09 05:30:00,BEL,113.29
2024-10-09 05:30:00,BHARTIARTL,83.71
2024-10-09 05:30:00,M&M,116.76
2024-10-09 05:30:00,TRENT,274.07
2024-10-10 05:30:00,BAJAJ-AUTO,121.39
2024-10-10 05:30:00,BEL,116.69
2024-10-10 05:30:00,BHARTIARTL,83.71
2024-10-10 05:30:00,M&M,119.6
2024-10-10 05:30:00,TRENT,265.34
2024-10-11 05:30:00,BAJAJ-AUTO,122.23
2024-10-11 05:30:00,BEL,115.94
2024-10-11 05:30:00,BHARTIARTL,84.73
2024-10-11 05:30:00,M&M,115.48
2024-10-11 05:30:00,TRENT,274.72
2024-10-14 05:30:00,BAJAJ-AUTO,122.65
2024-10-14 05:30:00,BEL,115.79
2024-10-14 05:30:00,BHARTIARTL,85.63
2024-10-14 05:30:00,M&M,116.89
2024-10-14 05:30:00,TRENT,272.75
2024-10-15 05:30:00,BAJAJ-AUTO,115.58
2024-10-15 05:30:00,BEL,118.16
2024-10-15 05:30:00,BHARTIARTL,88.0
2024-10-15 05:30:00,M&M,116.95
2024-10-15 05:30:00,TRENT,269.68
2024-10-16 05:30:00,BAJAJ-AUTO,117.37
2024-10-16 05:30:00,BEL,115.79
2024-10-16 05:30:00,BHARTIARTL,89.82
2024-10-16 05:30:00,M&M,110.92
2024-10-16 05:30:00,TRENT,255.19
2024-10-17 05:30:00,BAJAJ-AUTO,89.35
2024-10-17 05:30:00,BEL,114.92
2024-10-17 05:30:00,BHARTIARTL,86.23
2024-10-17 05:30:00,M&M,103.81
2024-10-17 05:30:00,TRENT,251.27
2024-10-18 05:30:00,BAJAJ-AUTO,88.31
2024-10-18 05:30:00,BEL,116.88
2024-10-18 05:30:00,BHARTIARTL,86.97
2024-10-18 05:30:00,M&M,103.78
2024-10-18 05:30:00,TRENT,253.47
2024-10-21 05:30:00,BAJAJ-AUTO,96.48
2024-10-21 05:30:00,BEL,113.22
2024-10-21 05:30:00,BHARTIARTL,85.29
2024-10-21 05:30:00,M&M,106.12
2024-10-21 05:30:00,TRENT,246.12
2024-10-22 05:30:00,BAJAJ-AUTO,94.01
2024-10-22 05:30:00,BEL,105.17
2024-10-22 05:30:00,BHARTIARTL,85.26
2024-10-22 05:30:00,M&M,98.49
2024-10-22 05:30:00,TRENT,241.15
2024-10-23 05:30:00,BAJAJ-AUTO,98.09
2024-10-23 05:30:00,BEL,102.91
2024-10-23 05:30:00,BHARTIARTL,84.55
2024-10-23 05:30:00,M&M,92.05
2024-10-23 05:30:00,TRENT,241.79
2024-10-24 05:30:00,BAJAJ-AUTO,92.77
2024-10-24 05:30:00,BEL,104.95
2024-10-24 05:30:00,BHARTIARTL,83.75
2024-10-24 05:30:00,M&M,94.3
2024-10-24 05:30:00,TRENT,240.73
2024-10-25 05:30:00,BAJAJ-AUTO,90.97
2024-10-25 05:30:00,BEL,105.7
2024-10-25 05:30:00,BHARTIARTL,82.39
2024-10-25 05:30:00,M&M,87.05
2024-10-25 05:30:00,TRENT,234.97
2024-10-28 05:30:00,BAJAJ-AUTO,87.32
2024-10-28 05:30:00,BEL,103.97
2024-10-28 05:30:00,BHARTIARTL,82.1
2024-10-28 05:30:00,M&M,91.19
2024-10-28 05:30:00,TRENT,232.53
2024-10-29 05:30:00,BAJAJ-AUTO,84.32
2024-10-29 05:30:00,BEL,114.24
2024-10-29 05:30:00,BHARTIARTL,79.22
2024-10-29 05:30:00,M&M,88.84
2024-10-29 05:30:00,TRENT,237.19
2024-10-30 05:30:00,BAJAJ-AUTO,86.0
2024-10-30 05:30:00,BEL,117.94
2024-10-30 05:30:00,BHARTIARTL,78.81
2024-10-30 05:30:00,M&M,86.15
2024-10-30 05:30:00,TRENT,230.01
2024-10-31 05:30:00,BAJAJ-AUTO,84.05
2024-10-31 05:30:00,BEL,115.18
2024-10-31 05:30:00,BHARTIARTL,76.54
2024-10-31 05:30:00,M&M,87.58
2024-10-31 05:30:00,TRENT,224.36
2024-11-01 05:30:00,BAJAJ-AUTO,84.79
2024-11-01 05:30:00,BEL,118.01
2024-11-01 05:30:00,BHARTIARTL,76.96
2024-11-01 05:30:00,M&M,93.71
2024-11-01 05:30:00,TRENT,225.3
2024-11-04 05:30:00,BAJAJ-AUTO,78.24
2024-11-04 05:30:00,BEL,114.61
2024-11-04 05:30:00,BHARTIARTL,74.2
2024-11-04 05:30:00,M&M,98.26
2024-11-04 05:30:00,TRENT,221.42
2024-11-05 05:30:00,BAJAJ-AUTO,84.77
2024-11-05 05:30:00,BEL,116.28
2024-11-05 05:30:00,BHARTIARTL,72.8
2024-11-05 05:30:00,M&M,99.33
2024-11-05 05:30:00,TRENT,217.08
2024-11-06 05:30:00,BAJAJ-AUTO,87.5
2024-11-06 05:30:00,BEL,127.98
2024-11-06 05:30:00,BHARTIARTL,75.03
2024-11-06 05:30:00,M&M,101.74
2024-11-06 05:30:00,TRENT,216.49
2024-11-07 05:30:00,BAJAJ-AUTO,84.43
2024-11-07 05:30:00,BEL,126.85
2024-11-07 05:30:00,BHARTIARTL,72.51
2024-11-07 05:30:00,M&M,98.77
2024-11-07 05:30:00,TRENT,196.02
2024-11-08 05:30:00,BAJAJ-AUTO,85.44
2024-11-08 05:30:00,BEL,124.89
2024-11-08 05:30:00,BHARTIARTL,71.86
2024-11-08 05:30:00,M&M,104.52
2024-11-08 05:30:00,TRENT,186.62
2024-11-11 05:30:00,BAJAJ-AUTO,85.6
2024-11-11 05:30:00,BEL,126.4
2024-11-11 05:30:00,BHARTIARTL,70.84
2024-11-11 05:30:00,M&M,101.47
2024-11-11 05:30:00,TRENT,194.89
2024-11-12 05:30:00,BAJAJ-AUTO,81.1
2024-11-12 05:30:00,BEL,119.15
2024-11-12 05:30:00,BHARTIARTL,70.3
2024-11-12 05:30:00,M&M,99.27
2024-11-12 05:30:00,TRENT,197.07
2024-11-13 05:30:00,BAJAJ-AUTO,76.86
2024-11-13 05:30:00,BEL,112.65
2024-11-13 05:30:00,BHARTIARTL,69.74
2024-11-13 05:30:00,M&M,92.42
2024-11-13 05:30:00,TRENT,195.69
2024-11-14 05:30:00,BAJAJ-AUTO,77.44
2024-11-14 05:30:00,BEL,112.2
2024-11-14 05:30:00,BHARTIARTL,69.74
2024-11-14 05:30:00,M&M,92.99
2024-11-14 05:30:00,TRENT,194.09
2024-11-18 05:30:00,BAJAJ-AUTO,78.07
2024-11-18 05:30:00,BEL,110.01
2024-11-18 05:30:00,BHARTIARTL,68.26
2024-11-18 05:30:00,M&M,95.72
2024-11-18 05:30:00,TRENT,186.74
2024-11-19 05:30:00,BAJAJ-AUTO,78.61
2024-11-19 05:30:00,BEL,110.73
2024-11-19 05:30:00,BHARTIARTL,67.0
2024-11-19 05:30:00,M&M,102.73
2024-11-19 05:30:00,TRENT,192.31
2024-11-21 05:30:00,BAJAJ-AUTO,77.85
2024-11-21 05:30:00,BEL,108.04
2024-11-21 05:30:00,BHARTIARTL,66.97
2024-11-21 05:30:00,M&M,101.86
2024-11-21 05:30:00,TRENT,193.97
2024-11-22 05:30:00,BAJAJ-AUTO,77.41
2024-11-22 05:30:00,BEL,112.12
2024-11-22 05:30:00,BHARTIARTL,71.8
2024-11-22 05:30:00,M&M,107.13
2024-11-22 05:30:00,TRENT,202.72
